Workbook

Sheet STPP
B1: Tracking Serah Terima Pinjam Pakai (STPP)
U3: Cut-Off Tgl 15/08/2025
L4: DATA BUKTI/Foto - Tracking STPP/Pengeluaran/ | Q4: ="RI/"&RIGHT(YEAR(TODAY()),2)&"/"&CHOOSE(MONTH(TODAY()),"I","II","III","IV","V","VI","VII","VIII","IX","X","XI","XII")&"/"&TEXT(SUMIFS(V6:V100030,Q6:Q100030,"RI/"&RIGHT(YEAR(TODAY()),2)&"/"&CHOOSE(MONTH(TODAY()),"I","II","III","IV","V","VI","VII","VIII","IX","X","XI","XII")&"/???")+1,"000") -> RI/26/IX/001 | S4: DATA BUKTI/Foto - Tracking STPP/Penerimaan/
B5: No | C5: No Seri | D5: Deskripsi Barang | E5: Kuantitas | F5: Satuan | G5: Peminta | H5: Penempatan | I5: Tgl NPBG | J5: No. NPBG | K5: Item No | L5: Nama File(.#ext) | M5: Bukti Keluar | N5: Keterangan Keluar | O5: Status | P5: Tgl RI | Q5: Tanda Kembali | R5: Item No2 | S5: Nama File(.#ext2) | T5: Bukti Terima | U5: Keterangan Kembali | V5: HC Tanda Kembali | W5: HC Nama File NPBG | X5: HC Nama File RI
B6: 1 | C6: SN-0001 | D6: BETEL BAJA - 1" | E6: 1 | F6: PCS | G6: TOMY | H6: MAINTENANCE KENDARAAN | I6: 45884 | J6: NA/25/VIII/138 | K6: 87 | L6: NA.25.VIII.138-87 | M6: =IF(L6="","",HYPERLINK(_xlfn.CONCAT($L$4,L6,".jpg"),"Open File")) -> Open File | N6: UNTUK STPP AWAL MAINTENANCE | O6: =IF(AND(Q6<>"",T6<>""),"PASSIVE",IF(AND(J6<>"",M6<>""),"ACTIVE","")) -> ACTIVE | T6: =IF(S6="","",HYPERLINK(_xlfn.CONCAT($S$4,S6,".jpg"),"Open File")) | V6: =IF(AND(Q6<>"",RIGHT(Q6,3)<>""),IF(COUNTIF($Q$6:Q6,Q6)=1,1,0),0) -> 0 | W6: =IF(AND(J6<>"",K6<>""),_xlfn.CONCAT(SUBSTITUTE(J6,"/","."),"-",K6),"") -> NA.25.VIII.138-87 | X6: =IF(AND(Q6<>"",R6<>""),_xlfn.CONCAT(SUBSTITUTE(Q6,"/","."),"-",R6),"")
B7: 2 | C7: SN-0002 | D7: GERINDA POTONG DUDUK - MAKITA / 2414NB / 14" | E7: 1 | F7: PCS | G7: TOMY | H7: MAINTENANCE MA | I7: 45884 | J7: NA/25/VIII/138 | K7: 85 | L7: NA.25.VIII.138-85 | M7: =IF(L7="","",HYPERLINK(_xlfn.CONCAT($L$4,L7,".jpg"),"Open File")) -> Open File | N7: UNTUK STPP AWAL MAINTENANCE | O7: =IF(AND(Q7<>"",T7<>""),"PASSIVE",IF(AND(J7<>"",M7<>""),"ACTIVE","")) -> ACTIVE | T7: =IF(S7="","",HYPERLINK(_xlfn.CONCAT($S$4,S7,".jpg"),"Open File")) | V7: =IF(AND(Q7<>"",RIGHT(Q7,3)<>""),IF(COUNTIF($Q$6:Q7,Q7)=1,1,0),0) -> 0 | W7: =IF(AND(J7<>"",K7<>""),_xlfn.CONCAT(SUBSTITUTE(J7,"/","."),"-",K7),"") -> NA.25.VIII.138-85 | X7: =IF(AND(Q7<>"",R7<>""),_xlfn.CONCAT(SUBSTITUTE(Q7,"/","."),"-",R7),"")
B8: 3 | C8: SN-0003 | D8: GERINDA POTONG DUDUK - MAKITA / M2401B / 14" | E8: 1 | F8: PCS | G8: TOMY | H8: MAINTENANCE MA | I8: 45884 | J8: NA/25/VIII/138 | K8: 84 | L8: NA.25.VIII.138-84 | M8: =IF(L8="","",HYPERLINK(_xlfn.CONCAT($L$4,L8,".jpg"),"Open File")) -> Open File | N8: UNTUK STPP AWAL MAINTENANCE | O8: =IF(AND(Q8<>"",T8<>""),"PASSIVE",IF(AND(J8<>"",M8<>""),"ACTIVE","")) -> ACTIVE | T8: =IF(S8="","",HYPERLINK(_xlfn.CONCAT($S$4,S8,".jpg"),"Open File")) | V8: =IF(AND(Q8<>"",RIGHT(Q8,3)<>""),IF(COUNTIF($Q$6:Q8,Q8)=1,1,0),0) -> 0 | W8: =IF(AND(J8<>"",K8<>""),_xlfn.CONCAT(SUBSTITUTE(J8,"/","."),"-",K8),"") -> NA.25.VIII.138-84 | X8: =IF(AND(Q8<>"",R8<>""),_xlfn.CONCAT(SUBSTITUTE(Q8,"/","."),"-",R8),"")
B9: 4 | C9: SN-0004 | D9: BOR TANGAN - MAKITA / HP1630 / 5/8" (16mm) | E9: 1 | F9: PCS | G9: TOMY | H9: MAINTENANCE MA | I9: 45884 | J9: NA/25/VIII/138 | K9: 83 | L9: NA.25.VIII.138-83 | M9: =IF(L9="","",HYPERLINK(_xlfn.CONCAT($L$4,L9,".jpg"),"Open File")) -> Open File | N9: UNTUK STPP AWAL MAINTENANCE | O9: =IF(AND(Q9<>"",T9<>""),"PASSIVE",IF(AND(J9<>"",M9<>""),"ACTIVE","")) -> ACTIVE | P9: 46106 | Q9: RI/NV/26/III/052 | R9: 1 | T9: =IF(S9="","",HYPERLINK(_xlfn.CONCAT($S$4,S9,".jpg"),"Open File")) | U9: KEMBALI DARI MAINTENANCE KARENA RUSAK DAN MINTA DIPERBAIKI | V9: =IF(AND(Q9<>"",RIGHT(Q9,3)<>""),IF(COUNTIF($Q$6:Q9,Q9)=1,1,0),0) -> 1 | W9: =IF(AND(J9<>"",K9<>""),_xlfn.CONCAT(SUBSTITUTE(J9,"/","."),"-",K9),"") -> NA.25.VIII.138-83 | X9: =IF(AND(Q9<>"",R9<>""),_xlfn.CONCAT(SUBSTITUTE(Q9,"/","."),"-",R9),"") -> RI.NV.26.III.052-1
B10: 5 | C10: SN-0005 | D10: BOR TANGAN - MAKITA / HP1630 / 5/8" (16mm) | E10: 1 | F10: PCS | G10: TOMY | H10: MAINTENANCE MA | I10: 45884 | J10: NA/25/VIII/138 | K10: 82 | L10: NA.25.VIII.138-82 | M10: =IF(L10="","",HYPERLINK(_xlfn.CONCAT($L$4,L10,".jpg"),"Open File")) -> Open File | N10: UNTUK STPP AWAL MAINTENANCE | O10: =IF(AND(Q10<>"",T10<>""),"PASSIVE",IF(AND(J10<>"",M10<>""),"ACTIVE","")) -> ACTIVE | T10: =IF(S10="","",HYPERLINK(_xlfn.CONCAT($S$4,S10,".jpg"),"Open File")) | V10: =IF(AND(Q10<>"",RIGHT(Q10,3)<>""),IF(COUNTIF($Q$6:Q10,Q10)=1,1,0),0) -> 0 | W10: =IF(AND(J10<>"",K10<>""),_xlfn.CONCAT(SUBSTITUTE(J10,"/","."),"-",K10),"") -> NA.25.VIII.138-82 | X10: =IF(AND(Q10<>"",R10<>""),_xlfn.CONCAT(SUBSTITUTE(Q10,"/","."),"-",R10),"")
B11: 6 | C11: SN-0006 | D11: HAND BOR - MODERN / M2150 / 13mm | E11: 1 | F11: PCS | G11: TOMY | H11: MAINTENANCE MA | I11: 45884 | J11: NA/25/VIII/138 | K11: 81 | L11: NA.25.VIII.138-81 | M11: =IF(L11="","",HYPERLINK(_xlfn.CONCAT($L$4,L11,".jpg"),"Open File")) -> Open File | N11: UNTUK STPP AWAL MAINTENANCE | O11: =IF(AND(Q11<>"",T11<>""),"PASSIVE",IF(AND(J11<>"",M11<>""),"ACTIVE","")) -> ACTIVE | T11: =IF(S11="","",HYPERLINK(_xlfn.CONCAT($S$4,S11,".jpg"),"Open File")) | V11: =IF(AND(Q11<>"",RIGHT(Q11,3)<>""),IF(COUNTIF($Q$6:Q11,Q11)=1,1,0),0) -> 0 | W11: =IF(AND(J11<>"",K11<>""),_xlfn.CONCAT(SUBSTITUTE(J11,"/","."),"-",K11),"") -> NA.25.VIII.138-81 | X11: =IF(AND(Q11<>"",R11<>""),_xlfn.CONCAT(SUBSTITUTE(Q11,"/","."),"-",R11),"")
B12: 7 | C12: SN-0007 | D12: HAND GERINDA - BOSCH / GWS 060 / 4" | E12: 1 | F12: PCS | G12: TOMY | H12: MAINTENANCE MA | I12: 45884 | J12: NA/25/VIII/138 | K12: 80 | L12: NA.25.VIII.138-80 | M12: =IF(L12="","",HYPERLINK(_xlfn.CONCAT($L$4,L12,".jpg"),"Open File")) -> Open File | N12: UNTUK STPP AWAL MAINTENANCE | O12: =IF(AND(Q12<>"",T12<>""),"PASSIVE",IF(AND(J12<>"",M12<>""),"ACTIVE","")) -> ACTIVE | T12: =IF(S12="","",HYPERLINK(_xlfn.CONCAT($S$4,S12,".jpg"),"Open File")) | V12: =IF(AND(Q12<>"",RIGHT(Q12,3)<>""),IF(COUNTIF($Q$6:Q12,Q12)=1,1,0),0) -> 0 | W12: =IF(AND(J12<>"",K12<>""),_xlfn.CONCAT(SUBSTITUTE(J12,"/","."),"-",K12),"") -> NA.25.VIII.138-80 | X12: =IF(AND(Q12<>"",R12<>""),_xlfn.CONCAT(SUBSTITUTE(Q12,"/","."),"-",R12),"")
B13: 8 | C13: SN-0008 | D13: HAND GERINDA - BOSCH / GWS 700 / 4" | E13: 1 | F13: PCS | G13: TOMY | H13: MAINTENANCE MA | I13: 45884 | J13: NA/25/VIII/138 | K13: 79 | L13: NA.25.VIII.138-79 | M13: =IF(L13="","",HYPERLINK(_xlfn.CONCAT($L$4,L13,".jpg"),"Open File")) -> Open File | N13: UNTUK STPP AWAL MAINTENANCE | O13: =IF(AND(Q13<>"",T13<>""),"PASSIVE",IF(AND(J13<>"",M13<>""),"ACTIVE","")) -> ACTIVE | T13: =IF(S13="","",HYPERLINK(_xlfn.CONCAT($S$4,S13,".jpg"),"Open File")) | V13: =IF(AND(Q13<>"",RIGHT(Q13,3)<>""),IF(COUNTIF($Q$6:Q13,Q13)=1,1,0),0) -> 0 | W13: =IF(AND(J13<>"",K13<>""),_xlfn.CONCAT(SUBSTITUTE(J13,"/","."),"-",K13),"") -> NA.25.VIII.138-79 | X13: =IF(AND(Q13<>"",R13<>""),_xlfn.CONCAT(SUBSTITUTE(Q13,"/","."),"-",R13),"")
B14: 9 | C14: SN-0009 | D14: HAND GERINDA - MAKITA (MAKTEC) / MT 90 / 4" | E14: 1 | F14: PCS | G14: TOMY | H14: MAINTENANCE KENDARAAN | I14: 45884 | J14: NA/25/VIII/138 | K14: 78 | L14: NA.25.VIII.138-78 | M14: =IF(L14="","",HYPERLINK(_xlfn.CONCAT($L$4,L14,".jpg"),"Open File")) -> Open File | N14: UNTUK STPP AWAL MAINTENANCE | O14: =IF(AND(Q14<>"",T14<>""),"PASSIVE",IF(AND(J14<>"",M14<>""),"ACTIVE","")) -> PASSIVE | P14: 45658 | Q14: RI/NV/25/XI/004 | R14: 1 | S14: RI.NV.25.XI.004-1 | T14: =IF(S14="","",HYPERLINK(_xlfn.CONCAT($S$4,S14,".jpg"),"Open File")) -> Open File | U14: PERMINTAAN UNTUK DIPERBAIKI | V14: =IF(AND(Q14<>"",RIGHT(Q14,3)<>""),IF(COUNTIF($Q$6:Q14,Q14)=1,1,0),0) -> 1 | W14: =IF(AND(J14<>"",K14<>""),_xlfn.CONCAT(SUBSTITUTE(J14,"/","."),"-",K14),"") -> NA.25.VIII.138-78 | X14: =IF(AND(Q14<>"",R14<>""),_xlfn.CONCAT(SUBSTITUTE(Q14,"/","."),"-",R14),"") -> RI.NV.25.XI.004-1
B15: 10 | C15: SN-0010 | D15: KABEL JUMPER AKI - P = 3m | E15: 1 | F15: SET | G15: TOMY | H15: MAINTENANCE MA | I15: 45884 | J15: NA/25/VIII/138 | K15: 77 | L15: NA.25.VIII.138-77 | M15: =IF(L15="","",HYPERLINK(_xlfn.CONCAT($L$4,L15,".jpg"),"Open File")) -> Open File | N15: UNTUK STPP AWAL MAINTENANCE | O15: =IF(AND(Q15<>"",T15<>""),"PASSIVE",IF(AND(J15<>"",M15<>""),"ACTIVE","")) -> ACTIVE | T15: =IF(S15="","",HYPERLINK(_xlfn.CONCAT($S$4,S15,".jpg"),"Open File")) | V15: =IF(AND(Q15<>"",RIGHT(Q15,3)<>""),IF(COUNTIF($Q$6:Q15,Q15)=1,1,0),0) -> 0 | W15: =IF(AND(J15<>"",K15<>""),_xlfn.CONCAT(SUBSTITUTE(J15,"/","."),"-",K15),"") -> NA.25.VIII.138-77 | X15: =IF(AND(Q15<>"",R15<>""),_xlfn.CONCAT(SUBSTITUTE(Q15,"/","."),"-",R15),"")
B16: 11 | C16: SN-0011 | D16: KABEL MASSA LAS - P = 1m | E16: 1 | F16: SET | G16: TOMY | H16: MAINTENANCE MA | I16: 45884 | J16: NA/25/VIII/138 | K16: 76 | L16: NA.25.VIII.138-76 | M16: =IF(L16="","",HYPERLINK(_xlfn.CONCAT($L$4,L16,".jpg"),"Open File")) -> Open File | N16: UNTUK STPP AWAL MAINTENANCE | O16: =IF(AND(Q16<>"",T16<>""),"PASSIVE",IF(AND(J16<>"",M16<>""),"ACTIVE","")) -> PASSIVE | P16: 45912 | Q16: RI/NV/25/IX/069 | R16: 5 | S16: RI.NV.25.IX.069-5 | T16: =IF(S16="","",HYPERLINK(_xlfn.CONCAT($S$4,S16,".jpg"),"Open File")) -> Open File | U16: KEMBALI TUKAR DENGAN MESIN LAS CIGWELD | V16: =IF(AND(Q16<>"",RIGHT(Q16,3)<>""),IF(COUNTIF($Q$6:Q16,Q16)=1,1,0),0) -> 1 | W16: =IF(AND(J16<>"",K16<>""),_xlfn.CONCAT(SUBSTITUTE(J16,"/","."),"-",K16),"") -> NA.25.VIII.138-76 | X16: =IF(AND(Q16<>"",R16<>""),_xlfn.CONCAT(SUBSTITUTE(Q16,"/","."),"-",R16),"") -> RI.NV.25.IX.069-5
B17: 12 | C17: SN-0012 | D17: KABEL MASSA LAS - P = 2m | E17: 1 | F17: SET | G17: TOMY | H17: MAINTENANCE MA | I17: 45884 | J17: NA/25/VIII/138 | K17: 75 | L17: NA.25.VIII.138-75 | M17: =IF(L17="","",HYPERLINK(_xlfn.CONCAT($L$4,L17,".jpg"),"Open File")) -> Open File | N17: UNTUK STPP AWAL MAINTENANCE | O17: =IF(AND(Q17<>"",T17<>""),"PASSIVE",IF(AND(J17<>"",M17<>""),"ACTIVE","")) -> PASSIVE | P17: 45974 | Q17: RI/NV/25/XI/051 | R17: 1 | S17: RI.NV.25.XI.051-1 | T17: =IF(S17="","",HYPERLINK(_xlfn.CONCAT($S$4,S17,".jpg"),"Open File")) -> Open File | U17: KEMBALI KARENA KABEL SUDAH RUSAK DAN PUTUS | V17: =IF(AND(Q17<>"",RIGHT(Q17,3)<>""),IF(COUNTIF($Q$6:Q17,Q17)=1,1,0),0) -> 1 | W17: =IF(AND(J17<>"",K17<>""),_xlfn.CONCAT(SUBSTITUTE(J17,"/","."),"-",K17),"") -> NA.25.VIII.138-75 | X17: =IF(AND(Q17<>"",R17<>""),_xlfn.CONCAT(SUBSTITUTE(Q17,"/","."),"-",R17),"") -> RI.NV.25.XI.051-1
B18: 13 | C18: SN-0013 | D18: KABEL MASSA LAS - P = 4m | E18: 1 | F18: SET | G18: TOMY | H18: MAINTENANCE MA | I18: 45884 | J18: NA/25/VIII/138 | K18: 74 | L18: NA.25.VIII.138-74 | M18: =IF(L18="","",HYPERLINK(_xlfn.CONCAT($L$4,L18,".jpg"),"Open File")) -> Open File | N18: UNTUK STPP AWAL MAINTENANCE | O18: =IF(AND(Q18<>"",T18<>""),"PASSIVE",IF(AND(J18<>"",M18<>""),"ACTIVE","")) -> ACTIVE | T18: =IF(S18="","",HYPERLINK(_xlfn.CONCAT($S$4,S18,".jpg"),"Open File")) | V18: =IF(AND(Q18<>"",RIGHT(Q18,3)<>""),IF(COUNTIF($Q$6:Q18,Q18)=1,1,0),0) -> 0 | W18: =IF(AND(J18<>"",K18<>""),_xlfn.CONCAT(SUBSTITUTE(J18,"/","."),"-",K18),"") -> NA.25.VIII.138-74 | X18: =IF(AND(Q18<>"",R18<>""),_xlfn.CONCAT(SUBSTITUTE(Q18,"/","."),"-",R18),"")
B19: 14 | C19: SN-0014 | D19: KABEL POWER F-to-F - @4slots / P = 10m | E19: 1 | F19: SET | G19: TOMY | H19: MAINTENANCE KENDARAAN | I19: 45884 | J19: NA/25/VIII/138 | K19: 73 | L19: NA.25.VIII.138-73 | M19: =IF(L19="","",HYPERLINK(_xlfn.CONCAT($L$4,L19,".jpg"),"Open File")) -> Open File | N19: UNTUK STPP AWAL MAINTENANCE | O19: =IF(AND(Q19<>"",T19<>""),"PASSIVE",IF(AND(J19<>"",M19<>""),"ACTIVE","")) -> ACTIVE | T19: =IF(S19="","",HYPERLINK(_xlfn.CONCAT($S$4,S19,".jpg"),"Open File")) | V19: =IF(AND(Q19<>"",RIGHT(Q19,3)<>""),IF(COUNTIF($Q$6:Q19,Q19)=1,1,0),0) -> 0 | W19: =IF(AND(J19<>"",K19<>""),_xlfn.CONCAT(SUBSTITUTE(J19,"/","."),"-",K19),"") -> NA.25.VIII.138-73 | X19: =IF(AND(Q19<>"",R19<>""),_xlfn.CONCAT(SUBSTITUTE(Q19,"/","."),"-",R19),"")
B20: 15 | C20: SN-0015 | D20: KABEL POWER F-to-F - @4slots / P = 18m | E20: 1 | F20: SET | G20: TOMY | H20: MAINTENANCE KENDARAAN | I20: 45884 | J20: NA/25/VIII/138 | K20: 72 | L20: NA.25.VIII.138-72 | M20: =IF(L20="","",HYPERLINK(_xlfn.CONCAT($L$4,L20,".jpg"),"Open File")) -> Open File | N20: UNTUK STPP AWAL MAINTENANCE | O20: =IF(AND(Q20<>"",T20<>""),"PASSIVE",IF(AND(J20<>"",M20<>""),"ACTIVE","")) -> ACTIVE | T20: =IF(S20="","",HYPERLINK(_xlfn.CONCAT($S$4,S20,".jpg"),"Open File")) | V20: =IF(AND(Q20<>"",RIGHT(Q20,3)<>""),IF(COUNTIF($Q$6:Q20,Q20)=1,1,0),0) -> 0 | W20: =IF(AND(J20<>"",K20<>""),_xlfn.CONCAT(SUBSTITUTE(J20,"/","."),"-",K20),"") -> NA.25.VIII.138-72 | X20: =IF(AND(Q20<>"",R20<>""),_xlfn.CONCAT(SUBSTITUTE(Q20,"/","."),"-",R20),"")
B21: 16 | C21: SN-0016 | D21: KABEL POWER F-to-F - @4slots / P = 26m | E21: 1 | F21: SET | G21: TOMY | H21: MAINTENANCE MA | I21: 45884 | J21: NA/25/VIII/138 | K21: 71 | L21: NA.25.VIII.138-71 | M21: =IF(L21="","",HYPERLINK(_xlfn.CONCAT($L$4,L21,".jpg"),"Open File")) -> Open File | N21: UNTUK STPP AWAL MAINTENANCE | O21: =IF(AND(Q21<>"",T21<>""),"PASSIVE",IF(AND(J21<>"",M21<>""),"ACTIVE","")) -> ACTIVE | T21: =IF(S21="","",HYPERLINK(_xlfn.CONCAT($S$4,S21,".jpg"),"Open File")) | V21: =IF(AND(Q21<>"",RIGHT(Q21,3)<>""),IF(COUNTIF($Q$6:Q21,Q21)=1,1,0),0) -> 0 | W21: =IF(AND(J21<>"",K21<>""),_xlfn.CONCAT(SUBSTITUTE(J21,"/","."),"-",K21),"") -> NA.25.VIII.138-71 | X21: =IF(AND(Q21<>"",R21<>""),_xlfn.CONCAT(SUBSTITUTE(Q21,"/","."),"-",R21),"")
B22: 17 | C22: SN-0017 | D22: KABEL POWER F-to-F - @4slots / P = 29m | E22: 1 | F22: SET | G22: TOMY | H22: MAINTENANCE MA | I22: 45884 | J22: NA/25/VIII/138 | K22: 70 | L22: NA.25.VIII.138-70 | M22: =IF(L22="","",HYPERLINK(_xlfn.CONCAT($L$4,L22,".jpg"),"Open File")) -> Open File | N22: UNTUK STPP AWAL MAINTENANCE | O22: =IF(AND(Q22<>"",T22<>""),"PASSIVE",IF(AND(J22<>"",M22<>""),"ACTIVE","")) -> ACTIVE | T22: =IF(S22="","",HYPERLINK(_xlfn.CONCAT($S$4,S22,".jpg"),"Open File")) | V22: =IF(AND(Q22<>"",RIGHT(Q22,3)<>""),IF(COUNTIF($Q$6:Q22,Q22)=1,1,0),0) -> 0 | W22: =IF(AND(J22<>"",K22<>""),_xlfn.CONCAT(SUBSTITUTE(J22,"/","."),"-",K22),"") -> NA.25.VIII.138-70 | X22: =IF(AND(Q22<>"",R22<>""),_xlfn.CONCAT(SUBSTITUTE(Q22,"/","."),"-",R22),"")
B23: 18 | C23: SN-0018 | D23: KABEL STANG LAS - P = 1.5m | E23: 1 | F23: SET | G23: TOMY | H23: MAINTENANCE MA | I23: 45884 | J23: NA/25/VIII/138 | K23: 69 | L23: NA.25.VIII.138-69 | M23: =IF(L23="","",HYPERLINK(_xlfn.CONCAT($L$4,L23,".jpg"),"Open File")) -> Open File | N23: UNTUK STPP AWAL MAINTENANCE | O23: =IF(AND(Q23<>"",T23<>""),"PASSIVE",IF(AND(J23<>"",M23<>""),"ACTIVE","")) -> PASSIVE | P23: 45912 | Q23: RI/NV/25/IX/069 | R23: 4 | S23: RI.NV.25.IX.069-4 | T23: =IF(S23="","",HYPERLINK(_xlfn.CONCAT($S$4,S23,".jpg"),"Open File")) -> Open File | U23: KEMBALI TUKAR DENGAN MESIN LAS CIGWELD | V23: =IF(AND(Q23<>"",RIGHT(Q23,3)<>""),IF(COUNTIF($Q$6:Q23,Q23)=1,1,0),0) -> 0 | W23: =IF(AND(J23<>"",K23<>""),_xlfn.CONCAT(SUBSTITUTE(J23,"/","."),"-",K23),"") -> NA.25.VIII.138-69 | X23: =IF(AND(Q23<>"",R23<>""),_xlfn.CONCAT(SUBSTITUTE(Q23,"/","."),"-",R23),"") -> RI.NV.25.IX.069-4
B24: 19 | C24: SN-0019 | D24: KABEL STANG LAS - P = 2.5m | E24: 1 | F24: SET | G24: TOMY | H24: MAINTENANCE MA | I24: 45884 | J24: NA/25/VIII/138 | K24: 68 | L24: NA.25.VIII.138-68 | M24: =IF(L24="","",HYPERLINK(_xlfn.CONCAT($L$4,L24,".jpg"),"Open File")) -> Open File | N24: UNTUK STPP AWAL MAINTENANCE | O24: =IF(AND(Q24<>"",T24<>""),"PASSIVE",IF(AND(J24<>"",M24<>""),"ACTIVE","")) -> ACTIVE | T24: =IF(S24="","",HYPERLINK(_xlfn.CONCAT($S$4,S24,".jpg"),"Open File")) | V24: =IF(AND(Q24<>"",RIGHT(Q24,3)<>""),IF(COUNTIF($Q$6:Q24,Q24)=1,1,0),0) -> 0 | W24: =IF(AND(J24<>"",K24<>""),_xlfn.CONCAT(SUBSTITUTE(J24,"/","."),"-",K24),"") -> NA.25.VIII.138-68 | X24: =IF(AND(Q24<>"",R24<>""),_xlfn.CONCAT(SUBSTITUTE(Q24,"/","."),"-",R24),"")
B25: 20 | C25: SN-0020 | D25: KABEL STANG LAS - P = 3m | E25: 1 | F25: SET | G25: TOMY | H25: MAINTENANCE MA | I25: 45884 | J25: NA/25/VIII/138 | K25: 67 | L25: NA.25.VIII.138-67 | M25: =IF(L25="","",HYPERLINK(_xlfn.CONCAT($L$4,L25,".jpg"),"Open File")) -> Open File | N25: UNTUK STPP AWAL MAINTENANCE | O25: =IF(AND(Q25<>"",T25<>""),"PASSIVE",IF(AND(J25<>"",M25<>""),"ACTIVE","")) -> ACTIVE | T25: =IF(S25="","",HYPERLINK(_xlfn.CONCAT($S$4,S25,".jpg"),"Open File")) | V25: =IF(AND(Q25<>"",RIGHT(Q25,3)<>""),IF(COUNTIF($Q$6:Q25,Q25)=1,1,0),0) -> 0 | W25: =IF(AND(J25<>"",K25<>""),_xlfn.CONCAT(SUBSTITUTE(J25,"/","."),"-",K25),"") -> NA.25.VIII.138-67 | X25: =IF(AND(Q25<>"",R25<>""),_xlfn.CONCAT(SUBSTITUTE(Q25,"/","."),"-",R25),"")
B26: 21 | C26: SN-0021 | D26: KABEL STANG LAS - P = 4m | E26: 1 | F26: SET | G26: TOMY | H26: MAINTENANCE MA | I26: 45884 | J26: NA/25/VIII/138 | K26: 66 | L26: NA.25.VIII.138-66 | M26: =IF(L26="","",HYPERLINK(_xlfn.CONCAT($L$4,L26,".jpg"),"Open File")) -> Open File | N26: UNTUK STPP AWAL MAINTENANCE | O26: =IF(AND(Q26<>"",T26<>""),"PASSIVE",IF(AND(J26<>"",M26<>""),"ACTIVE","")) -> PASSIVE | P26: 45975 | Q26: RI/NV/25/XI/053 | R26: 1 | S26: RI.NV.25.XI.053-1 | T26: =IF(S26="","",HYPERLINK(_xlfn.CONCAT($S$4,S26,".jpg"),"Open File")) -> Open File | U26: ALIH FUNGSI JADI KABEL MASSA LAS | V26: =IF(AND(Q26<>"",RIGHT(Q26,3)<>""),IF(COUNTIF($Q$6:Q26,Q26)=1,1,0),0) -> 1 | W26: =IF(AND(J26<>"",K26<>""),_xlfn.CONCAT(SUBSTITUTE(J26,"/","."),"-",K26),"") -> NA.25.VIII.138-66 | X26: =IF(AND(Q26<>"",R26<>""),_xlfn.CONCAT(SUBSTITUTE(Q26,"/","."),"-",R26),"") -> RI.NV.25.XI.053-1
B27: 22 | C27: SN-0022 | D27: KABEL STANG LAS - P = 6m | E27: 1 | F27: SET | G27: TOMY | H27: MAINTENANCE MA | I27: 45884 | J27: NA/25/VIII/138 | K27: 65 | L27: NA.25.VIII.138-65 | M27: =IF(L27="","",HYPERLINK(_xlfn.CONCAT($L$4,L27,".jpg"),"Open File")) -> Open File | N27: UNTUK STPP AWAL MAINTENANCE | O27: =IF(AND(Q27<>"",T27<>""),"PASSIVE",IF(AND(J27<>"",M27<>""),"ACTIVE","")) -> PASSIVE | P27: 46051 | Q27: RI/NV/26/I/106 | R27: 1 | S27: RI.NV.26.I.106-1 | T27: =IF(S27="","",HYPERLINK(_xlfn.CONCAT($S$4,S27,".jpg"),"Open File")) -> Open File | U27: DITARIK SEMENTARA DARI MAINTENANCE UNTUK DILAKUKAN PENGGANTIAN kabel LAS YANG SUDAH RUSAK | V27: =IF(AND(Q27<>"",RIGHT(Q27,3)<>""),IF(COUNTIF($Q$6:Q27,Q27)=1,1,0),0) -> 1 | W27: =IF(AND(J27<>"",K27<>""),_xlfn.CONCAT(SUBSTITUTE(J27,"/","."),"-",K27),"") -> NA.25.VIII.138-65 | X27: =IF(AND(Q27<>"",R27<>""),_xlfn.CONCAT(SUBSTITUTE(Q27,"/","."),"-",R27),"") -> RI.NV.26.I.106-1
B28: 23 | C28: SN-0023 | D28: KABEL STANG LAS - P = 7m | E28: 1 | F28: SET | G28: TOMY | H28: MAINTENANCE MA | I28: 45884 | J28: NA/25/VIII/138 | K28: 64 | L28: NA.25.VIII.138-64 | M28: =IF(L28="","",HYPERLINK(_xlfn.CONCAT($L$4,L28,".jpg"),"Open File")) -> Open File | N28: UNTUK STPP AWAL MAINTENANCE | O28: =IF(AND(Q28<>"",T28<>""),"PASSIVE",IF(AND(J28<>"",M28<>""),"ACTIVE","")) -> PASSIVE | P28: 46058 | Q28: RI/NV/26/II/009 | R28: 1 | S28: RI.NV.26.II.009-1 | T28: =IF(S28="","",HYPERLINK(_xlfn.CONCAT($S$4,S28,".jpg"),"Open File")) -> Open File | U28: DITARIK SEMENTARA DARI MAINTENANCE UNTUK DIGANTI STANG LAS NYA KARENA RUSAK | V28: =IF(AND(Q28<>"",RIGHT(Q28,3)<>""),IF(COUNTIF($Q$6:Q28,Q28)=1,1,0),0) -> 1 | W28: =IF(AND(J28<>"",K28<>""),_xlfn.CONCAT(SUBSTITUTE(J28,"/","."),"-",K28),"") -> NA.25.VIII.138-64 | X28: =IF(AND(Q28<>"",R28<>""),_xlfn.CONCAT(SUBSTITUTE(Q28,"/","."),"-",R28),"") -> RI.NV.26.II.009-1
B29: 24 | C29: SN-0024 | D29: KACAMATA SAFETY - K55 | E29: 1 | F29: PCS | G29: TOMY | H29: MAINTENANCE MA | I29: 45884 | J29: NA/25/VIII/138 | K29: 63 | L29: NA.25.VIII.138-63 | M29: =IF(L29="","",HYPERLINK(_xlfn.CONCAT($L$4,L29,".jpg"),"Open File")) -> Open File | N29: UNTUK STPP AWAL MAINTENANCE | O29: =IF(AND(Q29<>"",T29<>""),"PASSIVE",IF(AND(J29<>"",M29<>""),"ACTIVE","")) -> ACTIVE | T29: =IF(S29="","",HYPERLINK(_xlfn.CONCAT($S$4,S29,".jpg"),"Open File")) | V29: =IF(AND(Q29<>"",RIGHT(Q29,3)<>""),IF(COUNTIF($Q$6:Q29,Q29)=1,1,0),0) -> 0 | W29: =IF(AND(J29<>"",K29<>""),_xlfn.CONCAT(SUBSTITUTE(J29,"/","."),"-",K29),"") -> NA.25.VIII.138-63 | X29: =IF(AND(Q29<>"",R29<>""),_xlfn.CONCAT(SUBSTITUTE(Q29,"/","."),"-",R29),"")
B30: 25 | C30: SN-0025 | D30: KACAMATA SAFETY - K55 | E30: 1 | F30: PCS | G30: TOMY | H30: MAINTENANCE MA | I30: 45884 | J30: NA/25/VIII/138 | K30: 62 | L30: NA.25.VIII.138-62 | M30: =IF(L30="","",HYPERLINK(_xlfn.CONCAT($L$4,L30,".jpg"),"Open File")) -> Open File | N30: UNTUK STPP AWAL MAINTENANCE | O30: =IF(AND(Q30<>"",T30<>""),"PASSIVE",IF(AND(J30<>"",M30<>""),"ACTIVE","")) -> ACTIVE | T30: =IF(S30="","",HYPERLINK(_xlfn.CONCAT($S$4,S30,".jpg"),"Open File")) | V30: =IF(AND(Q30<>"",RIGHT(Q30,3)<>""),IF(COUNTIF($Q$6:Q30,Q30)=1,1,0),0) -> 0 | W30: =IF(AND(J30<>"",K30<>""),_xlfn.CONCAT(SUBSTITUTE(J30,"/","."),"-",K30),"") -> NA.25.VIII.138-62 | X30: =IF(AND(Q30<>"",R30<>""),_xlfn.CONCAT(SUBSTITUTE(Q30,"/","."),"-",R30),"")
B31: 26 | C31: SN-0026 | D31: KIKIR BULAT BESI - LOKAL / 12" | E31: 1 | F31: PCS | G31: TOMY | H31: MAINTENANCE KENDARAAN | I31: 45884 | J31: NA/25/VIII/138 | K31: 61 | L31: NA.25.VIII.138-61 | M31: =IF(L31="","",HYPERLINK(_xlfn.CONCAT($L$4,L31,".jpg"),"Open File")) -> Open File | N31: UNTUK STPP AWAL MAINTENANCE | O31: =IF(AND(Q31<>"",T31<>""),"PASSIVE",IF(AND(J31<>"",M31<>""),"ACTIVE","")) -> ACTIVE | T31: =IF(S31="","",HYPERLINK(_xlfn.CONCAT($S$4,S31,".jpg"),"Open File")) | V31: =IF(AND(Q31<>"",RIGHT(Q31,3)<>""),IF(COUNTIF($Q$6:Q31,Q31)=1,1,0),0) -> 0 | W31: =IF(AND(J31<>"",K31<>""),_xlfn.CONCAT(SUBSTITUTE(J31,"/","."),"-",K31),"") -> NA.25.VIII.138-61 | X31: =IF(AND(Q31<>"",R31<>""),_xlfn.CONCAT(SUBSTITUTE(Q31,"/","."),"-",R31),"")
B32: 27 | C32: SN-0027 | D32: KUNCI GERINDA TANGAN - LOKAL | E32: 1 | F32: PCS | G32: TOMY | H32: MAINTENANCE MA | I32: 45884 | J32: NA/25/VIII/138 | K32: 60 | L32: NA.25.VIII.138-60 | M32: =IF(L32="","",HYPERLINK(_xlfn.CONCAT($L$4,L32,".jpg"),"Open File")) -> Open File | N32: UNTUK STPP AWAL MAINTENANCE | O32: =IF(AND(Q32<>"",T32<>""),"PASSIVE",IF(AND(J32<>"",M32<>""),"ACTIVE","")) -> ACTIVE | T32: =IF(S32="","",HYPERLINK(_xlfn.CONCAT($S$4,S32,".jpg"),"Open File")) | V32: =IF(AND(Q32<>"",RIGHT(Q32,3)<>""),IF(COUNTIF($Q$6:Q32,Q32)=1,1,0),0) -> 0 | W32: =IF(AND(J32<>"",K32<>""),_xlfn.CONCAT(SUBSTITUTE(J32,"/","."),"-",K32),"") -> NA.25.VIII.138-60 | X32: =IF(AND(Q32<>"",R32<>""),_xlfn.CONCAT(SUBSTITUTE(Q32,"/","."),"-",R32),"")
B33: 28 | C33: SN-0028 | D33: KUNCI INGGRIS - CROSSMAN / 95-618 / 18" | E33: 1 | F33: PCS | G33: TOMY | H33: MAINTENANCE MA | I33: 45884 | J33: NA/25/VIII/138 | K33: 59 | L33: NA.25.VIII.138-59 | M33: =IF(L33="","",HYPERLINK(_xlfn.CONCAT($L$4,L33,".jpg"),"Open File")) -> Open File | N33: UNTUK STPP AWAL MAINTENANCE | O33: =IF(AND(Q33<>"",T33<>""),"PASSIVE",IF(AND(J33<>"",M33<>""),"ACTIVE","")) -> ACTIVE | T33: =IF(S33="","",HYPERLINK(_xlfn.CONCAT($S$4,S33,".jpg"),"Open File")) | V33: =IF(AND(Q33<>"",RIGHT(Q33,3)<>""),IF(COUNTIF($Q$6:Q33,Q33)=1,1,0),0) -> 0 | W33: =IF(AND(J33<>"",K33<>""),_xlfn.CONCAT(SUBSTITUTE(J33,"/","."),"-",K33),"") -> NA.25.VIII.138-59 | X33: =IF(AND(Q33<>"",R33<>""),_xlfn.CONCAT(SUBSTITUTE(Q33,"/","."),"-",R33),"")
B34: 29 | C34: SN-0029 | D34: KUNCI INGGRIS - TEKIRO / WR-AD1962 / 12" | E34: 1 | F34: PCS | G34: TOMY | H34: MAINTENANCE MA | I34: 45884 | J34: NA/25/VIII/138 | K34: 58 | L34: NA.25.VIII.138-58 | M34: =IF(L34="","",HYPERLINK(_xlfn.CONCAT($L$4,L34,".jpg"),"Open File")) -> Open File | N34: UNTUK STPP AWAL MAINTENANCE | O34: =IF(AND(Q34<>"",T34<>""),"PASSIVE",IF(AND(J34<>"",M34<>""),"ACTIVE","")) -> ACTIVE | T34: =IF(S34="","",HYPERLINK(_xlfn.CONCAT($S$4,S34,".jpg"),"Open File")) | V34: =IF(AND(Q34<>"",RIGHT(Q34,3)<>""),IF(COUNTIF($Q$6:Q34,Q34)=1,1,0),0) -> 0 | W34: =IF(AND(J34<>"",K34<>""),_xlfn.CONCAT(SUBSTITUTE(J34,"/","."),"-",K34),"") -> NA.25.VIII.138-58 | X34: =IF(AND(Q34<>"",R34<>""),_xlfn.CONCAT(SUBSTITUTE(Q34,"/","."),"-",R34),"")
B35: 30 | C35: SN-0030 | D35: KUNCI INGGRIS - TEKIRO / WR-AD1962 / 12" | E35: 1 | F35: PCS | G35: TOMY | H35: MAINTENANCE MA | I35: 45884 | J35: NA/25/VIII/138 | K35: 57 | L35: NA.25.VIII.138-57 | M35: =IF(L35="","",HYPERLINK(_xlfn.CONCAT($L$4,L35,".jpg"),"Open File")) -> Open File | N35: UNTUK STPP AWAL MAINTENANCE | O35: =IF(AND(Q35<>"",T35<>""),"PASSIVE",IF(AND(J35<>"",M35<>""),"ACTIVE","")) -> ACTIVE | T35: =IF(S35="","",HYPERLINK(_xlfn.CONCAT($S$4,S35,".jpg"),"Open File")) | V35: =IF(AND(Q35<>"",RIGHT(Q35,3)<>""),IF(COUNTIF($Q$6:Q35,Q35)=1,1,0),0) -> 0 | W35: =IF(AND(J35<>"",K35<>""),_xlfn.CONCAT(SUBSTITUTE(J35,"/","."),"-",K35),"") -> NA.25.VIII.138-57 | X35: =IF(AND(Q35<>"",R35<>""),_xlfn.CONCAT(SUBSTITUTE(Q35,"/","."),"-",R35),"")
B36: 31 | C36: SN-0031 | D36: KUNCI INGGRIS CrV - TEKIRO / WR-AD1965 / 24" | E36: 1 | F36: PCS | G36: TOMY | H36: MAINTENANCE MA | I36: 45884 | J36: NA/25/VIII/138 | K36: 56 | L36: NA.25.VIII.138-56 | M36: =IF(L36="","",HYPERLINK(_xlfn.CONCAT($L$4,L36,".jpg"),"Open File")) -> Open File | N36: UNTUK STPP AWAL MAINTENANCE | O36: =IF(AND(Q36<>"",T36<>""),"PASSIVE",IF(AND(J36<>"",M36<>""),"ACTIVE","")) -> ACTIVE | T36: =IF(S36="","",HYPERLINK(_xlfn.CONCAT($S$4,S36,".jpg"),"Open File")) | V36: =IF(AND(Q36<>"",RIGHT(Q36,3)<>""),IF(COUNTIF($Q$6:Q36,Q36)=1,1,0),0) -> 0 | W36: =IF(AND(J36<>"",K36<>""),_xlfn.CONCAT(SUBSTITUTE(J36,"/","."),"-",K36),"") -> NA.25.VIII.138-56 | X36: =IF(AND(Q36<>"",R36<>""),_xlfn.CONCAT(SUBSTITUTE(Q36,"/","."),"-",R36),"")
B37: 32 | C37: SN-0032 | D37: KUNCI PAS - LOKAL / 10 x 12mm | E37: 1 | F37: PCS | G37: TOMY | H37: MAINTENANCE MA | I37: 45884 | J37: NA/25/VIII/138 | K37: 55 | L37: NA.25.VIII.138-55 | M37: =IF(L37="","",HYPERLINK(_xlfn.CONCAT($L$4,L37,".jpg"),"Open File")) -> Open File | N37: UNTUK STPP AWAL MAINTENANCE | O37: =IF(AND(Q37<>"",T37<>""),"PASSIVE",IF(AND(J37<>"",M37<>""),"ACTIVE","")) -> ACTIVE | T37: =IF(S37="","",HYPERLINK(_xlfn.CONCAT($S$4,S37,".jpg"),"Open File")) | V37: =IF(AND(Q37<>"",RIGHT(Q37,3)<>""),IF(COUNTIF($Q$6:Q37,Q37)=1,1,0),0) -> 0 | W37: =IF(AND(J37<>"",K37<>""),_xlfn.CONCAT(SUBSTITUTE(J37,"/","."),"-",K37),"") -> NA.25.VIII.138-55 | X37: =IF(AND(Q37<>"",R37<>""),_xlfn.CONCAT(SUBSTITUTE(Q37,"/","."),"-",R37),"")
B38: 33 | C38: SN-0033 | D38: KUNCI PIPA - INGCO / HPW18182 / 18" | E38: 1 | F38: PCS | G38: TOMY | H38: MAINTENANCE MA | I38: 45884 | J38: NA/25/VIII/138 | K38: 54 | L38: NA.25.VIII.138-54 | M38: =IF(L38="","",HYPERLINK(_xlfn.CONCAT($L$4,L38,".jpg"),"Open File")) -> Open File | N38: UNTUK STPP AWAL MAINTENANCE | O38: =IF(AND(Q38<>"",T38<>""),"PASSIVE",IF(AND(J38<>"",M38<>""),"ACTIVE","")) -> ACTIVE | T38: =IF(S38="","",HYPERLINK(_xlfn.CONCAT($S$4,S38,".jpg"),"Open File")) | V38: =IF(AND(Q38<>"",RIGHT(Q38,3)<>""),IF(COUNTIF($Q$6:Q38,Q38)=1,1,0),0) -> 0 | W38: =IF(AND(J38<>"",K38<>""),_xlfn.CONCAT(SUBSTITUTE(J38,"/","."),"-",K38),"") -> NA.25.VIII.138-54 | X38: =IF(AND(Q38<>"",R38<>""),_xlfn.CONCAT(SUBSTITUTE(Q38,"/","."),"-",R38),"")
B39: 34 | C39: SN-0034 | D39: KUNCI PIPA - TEKIRO / WR-PP0293 / 24" | E39: 1 | F39: PCS | G39: TOMY | H39: MAINTENANCE MA | I39: 45884 | J39: NA/25/VIII/138 | K39: 53 | L39: NA.25.VIII.138-53 | M39: =IF(L39="","",HYPERLINK(_xlfn.CONCAT($L$4,L39,".jpg"),"Open File")) -> Open File | N39: UNTUK STPP AWAL MAINTENANCE | O39: =IF(AND(Q39<>"",T39<>""),"PASSIVE",IF(AND(J39<>"",M39<>""),"ACTIVE","")) -> ACTIVE | T39: =IF(S39="","",HYPERLINK(_xlfn.CONCAT($S$4,S39,".jpg"),"Open File")) | V39: =IF(AND(Q39<>"",RIGHT(Q39,3)<>""),IF(COUNTIF($Q$6:Q39,Q39)=1,1,0),0) -> 0 | W39: =IF(AND(J39<>"",K39<>""),_xlfn.CONCAT(SUBSTITUTE(J39,"/","."),"-",K39),"") -> NA.25.VIII.138-53 | X39: =IF(AND(Q39<>"",R39<>""),_xlfn.CONCAT(SUBSTITUTE(Q39,"/","."),"-",R39),"")
B40: 35 | C40: SN-0035 | D40: KUNCI PIPA CrV - LOKAL / 14" | E40: 1 | F40: PCS | G40: TOMY | H40: MAINTENANCE MA | I40: 45884 | J40: NA/25/VIII/138 | K40: 52 | L40: NA.25.VIII.138-52 | M40: =IF(L40="","",HYPERLINK(_xlfn.CONCAT($L$4,L40,".jpg"),"Open File")) -> Open File | N40: UNTUK STPP AWAL MAINTENANCE | O40: =IF(AND(Q40<>"",T40<>""),"PASSIVE",IF(AND(J40<>"",M40<>""),"ACTIVE","")) -> ACTIVE | T40: =IF(S40="","",HYPERLINK(_xlfn.CONCAT($S$4,S40,".jpg"),"Open File")) | V40: =IF(AND(Q40<>"",RIGHT(Q40,3)<>""),IF(COUNTIF($Q$6:Q40,Q40)=1,1,0),0) -> 0 | W40: =IF(AND(J40<>"",K40<>""),_xlfn.CONCAT(SUBSTITUTE(J40,"/","."),"-",K40),"") -> NA.25.VIII.138-52 | X40: =IF(AND(Q40<>"",R40<>""),_xlfn.CONCAT(SUBSTITUTE(Q40,"/","."),"-",R40),"")
... B62: 57 | C62: SN-0057 | D62: MATA KUNCI SOCK BINTANG CrV - WIPRO / E10 | E62: 1 | F62: PCS | G62: TOMY | H62: MAINTENANCE MA | I62: 45884 | J62: NA/25/VIII/138 | K62: 30 | L62: NA.25.VIII.138-30 | M62: =IF(L62="","",HYPERLINK(_xlfn.CONCAT($L$4,L62,".jpg"),"Open File")) -> Open File | N62: UNTUK STPP AWAL MAINTENANCE | O62: =IF(AND(Q62<>"",T62<>""),"PASSIVE",IF(AND(J62<>"",M62<>""),"ACTIVE","")) -> ACTIVE | T62: =IF(S62="","",HYPERLINK(_xlfn.CONCAT($S$4,S62,".jpg"),"Open File")) | V62: =IF(AND(Q62<>"",RIGHT(Q62,3)<>""),IF(COUNTIF($Q$6:Q62,Q62)=1,1,0),0) -> 0 | W62: =IF(AND(J62<>"",K62<>""),_xlfn.CONCAT(SUBSTITUTE(J62,"/","."),"-",K62),"") -> NA.25.VIII.138-30 | X62: =IF(AND(Q62<>"",R62<>""),_xlfn.CONCAT(SUBSTITUTE(Q62,"/","."),"-",R62),"")
B63: 58 | C63: SN-0058 | D63: MESIN LAS INVERTER MMA - REDBO / PRO ARC-160S | E63: 1 | F63: PCS | G63: TOMY | H63: MAINTENANCE MA | I63: 45884 | J63: NA/25/VIII/138 | K63: 29 | L63: NA.25.VIII.138-29 | M63: =IF(L63="","",HYPERLINK(_xlfn.CONCAT($L$4,L63,".jpg"),"Open File")) -> Open File | N63: UNTUK STPP AWAL MAINTENANCE | O63: =IF(AND(Q63<>"",T63<>""),"PASSIVE",IF(AND(J63<>"",M63<>""),"ACTIVE","")) -> ACTIVE | P63: 46106 | Q63: RI/NV/26/III/052 | R63: 1 | T63: =IF(S63="","",HYPERLINK(_xlfn.CONCAT($S$4,S63,".jpg"),"Open File")) | U63: KEMBALI DARI MAINTENANCE KARENA RUSAK DAN MINTA DIPERBAIKI | V63: =IF(AND(Q63<>"",RIGHT(Q63,3)<>""),IF(COUNTIF($Q$6:Q63,Q63)=1,1,0),0) -> 0 | W63: =IF(AND(J63<>"",K63<>""),_xlfn.CONCAT(SUBSTITUTE(J63,"/","."),"-",K63),"") -> NA.25.VIII.138-29 | X63: =IF(AND(Q63<>"",R63<>""),_xlfn.CONCAT(SUBSTITUTE(Q63,"/","."),"-",R63),"") -> RI.NV.26.III.052-1
B64: 59 | C64: SN-0059 | D64: MESIN LAS INVERTER MMA - REDBO / PRO ARC-200S | E64: 1 | F64: PCS | G64: TOMY | H64: MAINTENANCE MA | I64: 45884 | J64: NA/25/VIII/138 | K64: 28 | L64: NA.25.VIII.138-28 | M64: =IF(L64="","",HYPERLINK(_xlfn.CONCAT($L$4,L64,".jpg"),"Open File")) -> Open File | N64: UNTUK STPP AWAL MAINTENANCE | O64: =IF(AND(Q64<>"",T64<>""),"PASSIVE",IF(AND(J64<>"",M64<>""),"ACTIVE","")) -> ACTIVE | T64: =IF(S64="","",HYPERLINK(_xlfn.CONCAT($S$4,S64,".jpg"),"Open File")) | V64: =IF(AND(Q64<>"",RIGHT(Q64,3)<>""),IF(COUNTIF($Q$6:Q64,Q64)=1,1,0),0) -> 0 | W64: =IF(AND(J64<>"",K64<>""),_xlfn.CONCAT(SUBSTITUTE(J64,"/","."),"-",K64),"") -> NA.25.VIII.138-28 | X64: =IF(AND(Q64<>"",R64<>""),_xlfn.CONCAT(SUBSTITUTE(Q64,"/","."),"-",R64),"")
B65: 60 | C65: SN-0060 | D65: MESIN LAS INVERTER MMA - RHINO / MMA-300A | E65: 1 | F65: PCS | G65: TOMY | H65: MAINTENANCE MA | I65: 45884 | J65: NA/25/VIII/138 | K65: 27 | L65: NA.25.VIII.138-27 | M65: =IF(L65="","",HYPERLINK(_xlfn.CONCAT($L$4,L65,".jpg"),"Open File")) -> Open File | N65: UNTUK STPP AWAL MAINTENANCE | O65: =IF(AND(Q65<>"",T65<>""),"PASSIVE",IF(AND(J65<>"",M65<>""),"ACTIVE","")) -> ACTIVE | T65: =IF(S65="","",HYPERLINK(_xlfn.CONCAT($S$4,S65,".jpg"),"Open File")) | V65: =IF(AND(Q65<>"",RIGHT(Q65,3)<>""),IF(COUNTIF($Q$6:Q65,Q65)=1,1,0),0) -> 0 | W65: =IF(AND(J65<>"",K65<>""),_xlfn.CONCAT(SUBSTITUTE(J65,"/","."),"-",K65),"") -> NA.25.VIII.138-27 | X65: =IF(AND(Q65<>"",R65<>""),_xlfn.CONCAT(SUBSTITUTE(Q65,"/","."),"-",R65),"")
B66: 61 | C66: SN-0061 | D66: MESIN LAS INVERTER TIG - CALDWELL / TIG 200 GE | E66: 1 | F66: PCS | G66: TOMY | H66: MAINTENANCE MA | I66: 45884 | J66: NA/25/VIII/138 | K66: 26 | L66: NA.25.VIII.138-26 | M66: =IF(L66="","",HYPERLINK(_xlfn.CONCAT($L$4,L66,".jpg"),"Open File")) -> Open File | N66: UNTUK STPP AWAL MAINTENANCE | O66: =IF(AND(Q66<>"",T66<>""),"PASSIVE",IF(AND(J66<>"",M66<>""),"ACTIVE","")) -> PASSIVE | P66: 45912 | Q66: RI/NV/25/IX/069 | R66: 3 | S66: RI.NV.25.IX.069-3 | T66: =IF(S66="","",HYPERLINK(_xlfn.CONCAT($S$4,S66,".jpg"),"Open File")) -> Open File | U66: KEMBALI TUKAR DENGAN MESIN LAS CIGWELD | V66: =IF(AND(Q66<>"",RIGHT(Q66,3)<>""),IF(COUNTIF($Q$6:Q66,Q66)=1,1,0),0) -> 0 | W66: =IF(AND(J66<>"",K66<>""),_xlfn.CONCAT(SUBSTITUTE(J66,"/","."),"-",K66),"") -> NA.25.VIII.138-26 | X66: =IF(AND(Q66<>"",R66<>""),_xlfn.CONCAT(SUBSTITUTE(Q66,"/","."),"-",R66),"") -> RI.NV.25.IX.069-3
B67: 62 | C67: SN-0062 | D67: METERAN SAKU - LOKAL / P = 5m | E67: 1 | F67: PCS | G67: TOMY | H67: MAINTENANCE MA | I67: 45884 | J67: NA/25/VIII/138 | K67: 25 | L67: NA.25.VIII.138-25 | M67: =IF(L67="","",HYPERLINK(_xlfn.CONCAT($L$4,L67,".jpg"),"Open File")) -> Open File | N67: UNTUK STPP AWAL MAINTENANCE | O67: =IF(AND(Q67<>"",T67<>""),"PASSIVE",IF(AND(J67<>"",M67<>""),"ACTIVE","")) -> ACTIVE | T67: =IF(S67="","",HYPERLINK(_xlfn.CONCAT($S$4,S67,".jpg"),"Open File")) | V67: =IF(AND(Q67<>"",RIGHT(Q67,3)<>""),IF(COUNTIF($Q$6:Q67,Q67)=1,1,0),0) -> 0 | W67: =IF(AND(J67<>"",K67<>""),_xlfn.CONCAT(SUBSTITUTE(J67,"/","."),"-",K67),"") -> NA.25.VIII.138-25 | X67: =IF(AND(Q67<>"",R67<>""),_xlfn.CONCAT(SUBSTITUTE(Q67,"/","."),"-",R67),"")
B68: 63 | C68: SN-0063 | D68: METERAN SAKU - SOLIGEN / P = 10m | E68: 1 | F68: PCS | G68: TOMY | H68: MAINTENANCE MA | I68: 45884 | J68: NA/25/VIII/138 | K68: 24 | L68: NA.25.VIII.138-24 | M68: =IF(L68="","",HYPERLINK(_xlfn.CONCAT($L$4,L68,".jpg"),"Open File")) -> Open File | N68: UNTUK STPP AWAL MAINTENANCE | O68: =IF(AND(Q68<>"",T68<>""),"PASSIVE",IF(AND(J68<>"",M68<>""),"ACTIVE","")) -> PASSIVE | P68: 46042 | Q68: RI/NV/26/I/075 | R68: 1 | S68: RI.NV.26.I.075-1 | T68: =IF(S68="","",HYPERLINK(_xlfn.CONCAT($S$4,S68,".jpg"),"Open File")) -> Open File | U68: METERAN SUDAH RUSAK DAN PATAH | V68: =IF(AND(Q68<>"",RIGHT(Q68,3)<>""),IF(COUNTIF($Q$6:Q68,Q68)=1,1,0),0) -> 1 | W68: =IF(AND(J68<>"",K68<>""),_xlfn.CONCAT(SUBSTITUTE(J68,"/","."),"-",K68),"") -> NA.25.VIII.138-24 | X68: =IF(AND(Q68<>"",R68<>""),_xlfn.CONCAT(SUBSTITUTE(Q68,"/","."),"-",R68),"") -> RI.NV.26.I.075-1
B69: 64 | C69: SN-0064 | D69: METERAN SAKU - SOLIGEN / P = 10m | E69: 1 | F69: PCS | G69: TOMY | H69: MAINTENANCE MA | I69: 45884 | J69: NA/25/VIII/138 | K69: 23 | L69: NA.25.VIII.138-23 | M69: =IF(L69="","",HYPERLINK(_xlfn.CONCAT($L$4,L69,".jpg"),"Open File")) -> Open File | N69: UNTUK STPP AWAL MAINTENANCE | O69: =IF(AND(Q69<>"",T69<>""),"PASSIVE",IF(AND(J69<>"",M69<>""),"ACTIVE","")) -> PASSIVE | P69: 46181 | Q69: RI/NV/26/VI/008 | R69: 23 | S69: RI.NV.26.VI.008-23 | T69: =IF(S69="","",HYPERLINK(_xlfn.CONCAT($S$4,S69,".jpg"),"Open File")) -> Open File | U69: PENGEMBALIAN BARANG RUSAK DARI STPP MAINTENANCE MA DAN UNTUK PENGAJUAN PENGGANTIAN BARU NO SERI BARANG: SN-0294, SN-0352 & SN-0064 | V69: =IF(AND(Q69<>"",RIGHT(Q69,3)<>""),IF(COUNTIF($Q$6:Q69,Q69)=1,1,0),0) -> 1 | W69: =IF(AND(J69<>"",K69<>""),_xlfn.CONCAT(SUBSTITUTE(J69,"/","."),"-",K69),"") -> NA.25.VIII.138-23 | X69: =IF(AND(Q69<>"",R69<>""),_xlfn.CONCAT(SUBSTITUTE(Q69,"/","."),"-",R69),"") -> RI.NV.26.VI.008-23
B70: 65 | C70: SN-0065 | D70: OBENG HANDLE MINUS (-) - WIPRO / 4" x 6mm / WPS 171 | E70: 1 | F70: PCS | G70: TOMY | H70: MAINTENANCE KENDARAAN | I70: 45884 | J70: NA/25/VIII/138 | K70: 22 | L70: NA.25.VIII.138-22 | M70: =IF(L70="","",HYPERLINK(_xlfn.CONCAT($L$4,L70,".jpg"),"Open File")) -> Open File | N70: UNTUK STPP AWAL MAINTENANCE | O70: =IF(AND(Q70<>"",T70<>""),"PASSIVE",IF(AND(J70<>"",M70<>""),"ACTIVE","")) -> ACTIVE | T70: =IF(S70="","",HYPERLINK(_xlfn.CONCAT($S$4,S70,".jpg"),"Open File")) | V70: =IF(AND(Q70<>"",RIGHT(Q70,3)<>""),IF(COUNTIF($Q$6:Q70,Q70)=1,1,0),0) -> 0 | W70: =IF(AND(J70<>"",K70<>""),_xlfn.CONCAT(SUBSTITUTE(J70,"/","."),"-",K70),"") -> NA.25.VIII.138-22 | X70: =IF(AND(Q70<>"",R70<>""),_xlfn.CONCAT(SUBSTITUTE(Q70,"/","."),"-",R70),"")
B71: 66 | C71: SN-0066 | D71: OBENG HANDLE PLUS (+) - WIPRO / 4" x 6mm / WPS 171 | E71: 1 | F71: PCS | G71: TOMY | H71: MAINTENANCE KENDARAAN | I71: 45884 | J71: NA/25/VIII/138 | K71: 21 | L71: NA.25.VIII.138-21 | M71: =IF(L71="","",HYPERLINK(_xlfn.CONCAT($L$4,L71,".jpg"),"Open File")) -> Open File | N71: UNTUK STPP AWAL MAINTENANCE | O71: =IF(AND(Q71<>"",T71<>""),"PASSIVE",IF(AND(J71<>"",M71<>""),"ACTIVE","")) -> ACTIVE | T71: =IF(S71="","",HYPERLINK(_xlfn.CONCAT($S$4,S71,".jpg"),"Open File")) | V71: =IF(AND(Q71<>"",RIGHT(Q71,3)<>""),IF(COUNTIF($Q$6:Q71,Q71)=1,1,0),0) -> 0 | W71: =IF(AND(J71<>"",K71<>""),_xlfn.CONCAT(SUBSTITUTE(J71,"/","."),"-",K71),"") -> NA.25.VIII.138-21 | X71: =IF(AND(Q71<>"",R71<>""),_xlfn.CONCAT(SUBSTITUTE(Q71,"/","."),"-",R71),"")
B72: 67 | C72: SN-0067 | D72: PALU BAJA - 1.5kg | E72: 1 | F72: PCS | G72: TOMY | H72: MAINTENANCE KENDARAAN | I72: 45884 | J72: NA/25/VIII/138 | K72: 20 | L72: NA.25.VIII.138-20 | M72: =IF(L72="","",HYPERLINK(_xlfn.CONCAT($L$4,L72,".jpg"),"Open File")) -> Open File | N72: UNTUK STPP AWAL MAINTENANCE | O72: =IF(AND(Q72<>"",T72<>""),"PASSIVE",IF(AND(J72<>"",M72<>""),"ACTIVE","")) -> ACTIVE | T72: =IF(S72="","",HYPERLINK(_xlfn.CONCAT($S$4,S72,".jpg"),"Open File")) | V72: =IF(AND(Q72<>"",RIGHT(Q72,3)<>""),IF(COUNTIF($Q$6:Q72,Q72)=1,1,0),0) -> 0 | W72: =IF(AND(J72<>"",K72<>""),_xlfn.CONCAT(SUBSTITUTE(J72,"/","."),"-",K72),"") -> NA.25.VIII.138-20 | X72: =IF(AND(Q72<>"",R72<>""),_xlfn.CONCAT(SUBSTITUTE(Q72,"/","."),"-",R72),"")
B73: 68 | C73: SN-0068 | D73: PALU BAJA - 1kg | E73: 1 | F73: PCS | G73: TOMY | H73: MAINTENANCE MA | I73: 45884 | J73: NA/25/VIII/138 | K73: 19 | L73: NA.25.VIII.138-19 | M73: =IF(L73="","",HYPERLINK(_xlfn.CONCAT($L$4,L73,".jpg"),"Open File")) -> Open File | N73: UNTUK STPP AWAL MAINTENANCE | O73: =IF(AND(Q73<>"",T73<>""),"PASSIVE",IF(AND(J73<>"",M73<>""),"ACTIVE","")) -> ACTIVE | T73: =IF(S73="","",HYPERLINK(_xlfn.CONCAT($S$4,S73,".jpg"),"Open File")) | V73: =IF(AND(Q73<>"",RIGHT(Q73,3)<>""),IF(COUNTIF($Q$6:Q73,Q73)=1,1,0),0) -> 0 | W73: =IF(AND(J73<>"",K73<>""),_xlfn.CONCAT(SUBSTITUTE(J73,"/","."),"-",K73),"") -> NA.25.VIII.138-19 | X73: =IF(AND(Q73<>"",R73<>""),_xlfn.CONCAT(SUBSTITUTE(Q73,"/","."),"-",R73),"")
B74: 69 | C74: SN-0069 | D74: PALU BAJA - 1kg | E74: 1 | F74: PCS | G74: TOMY | H74: MAINTENANCE KENDARAAN | I74: 45884 | J74: NA/25/VIII/138 | K74: 19 | L74: NA.25.VIII.138-19 | M74: =IF(L74="","",HYPERLINK(_xlfn.CONCAT($L$4,L74,".jpg"),"Open File")) -> Open File | N74: UNTUK STPP AWAL MAINTENANCE | O74: =IF(AND(Q74<>"",T74<>""),"PASSIVE",IF(AND(J74<>"",M74<>""),"ACTIVE","")) -> ACTIVE | T74: =IF(S74="","",HYPERLINK(_xlfn.CONCAT($S$4,S74,".jpg"),"Open File")) | V74: =IF(AND(Q74<>"",RIGHT(Q74,3)<>""),IF(COUNTIF($Q$6:Q74,Q74)=1,1,0),0) -> 0 | W74: =IF(AND(J74<>"",K74<>""),_xlfn.CONCAT(SUBSTITUTE(J74,"/","."),"-",K74),"") -> NA.25.VIII.138-19 | X74: =IF(AND(Q74<>"",R74<>""),_xlfn.CONCAT(SUBSTITUTE(Q74,"/","."),"-",R74),"")
B75: 70 | C75: SN-0070 | D75: PALU BAJA - 2kg | E75: 1 | F75: PCS | G75: TOMY | H75: MAINTENANCE KENDARAAN | I75: 45884 | J75: NA/25/VIII/138 | K75: 18 | L75: NA.25.VIII.138-18 | M75: =IF(L75="","",HYPERLINK(_xlfn.CONCAT($L$4,L75,".jpg"),"Open File")) -> Open File | N75: UNTUK STPP AWAL MAINTENANCE | O75: =IF(AND(Q75<>"",T75<>""),"PASSIVE",IF(AND(J75<>"",M75<>""),"ACTIVE","")) -> ACTIVE | T75: =IF(S75="","",HYPERLINK(_xlfn.CONCAT($S$4,S75,".jpg"),"Open File")) | V75: =IF(AND(Q75<>"",RIGHT(Q75,3)<>""),IF(COUNTIF($Q$6:Q75,Q75)=1,1,0),0) -> 0 | W75: =IF(AND(J75<>"",K75<>""),_xlfn.CONCAT(SUBSTITUTE(J75,"/","."),"-",K75),"") -> NA.25.VIII.138-18 | X75: =IF(AND(Q75<>"",R75<>""),_xlfn.CONCAT(SUBSTITUTE(Q75,"/","."),"-",R75),"")
B76: 71 | C76: SN-0071 | D76: PALU BAJA - 500g | E76: 1 | F76: PCS | G76: TOMY | H76: MAINTENANCE MA | I76: 45884 | J76: NA/25/VIII/138 | K76: 17 | L76: NA.25.VIII.138-17 | M76: =IF(L76="","",HYPERLINK(_xlfn.CONCAT($L$4,L76,".jpg"),"Open File")) -> Open File | N76: UNTUK STPP AWAL MAINTENANCE | O76: =IF(AND(Q76<>"",T76<>""),"PASSIVE",IF(AND(J76<>"",M76<>""),"ACTIVE","")) -> ACTIVE | T76: =IF(S76="","",HYPERLINK(_xlfn.CONCAT($S$4,S76,".jpg"),"Open File")) | V76: =IF(AND(Q76<>"",RIGHT(Q76,3)<>""),IF(COUNTIF($Q$6:Q76,Q76)=1,1,0),0) -> 0 | W76: =IF(AND(J76<>"",K76<>""),_xlfn.CONCAT(SUBSTITUTE(J76,"/","."),"-",K76),"") -> NA.25.VIII.138-17 | X76: =IF(AND(Q76<>"",R76<>""),_xlfn.CONCAT(SUBSTITUTE(Q76,"/","."),"-",R76),"")
B77: 72 | C77: SN-0072 | D77: PALU BAJA - 500g | E77: 1 | F77: PCS | G77: TOMY | H77: MAINTENANCE MA | I77: 45884 | J77: NA/25/VIII/138 | K77: 16 | L77: NA.25.VIII.138-16 | M77: =IF(L77="","",HYPERLINK(_xlfn.CONCAT($L$4,L77,".jpg"),"Open File")) -> Open File | N77: UNTUK STPP AWAL MAINTENANCE | O77: =IF(AND(Q77<>"",T77<>""),"PASSIVE",IF(AND(J77<>"",M77<>""),"ACTIVE","")) -> ACTIVE | T77: =IF(S77="","",HYPERLINK(_xlfn.CONCAT($S$4,S77,".jpg"),"Open File")) | V77: =IF(AND(Q77<>"",RIGHT(Q77,3)<>""),IF(COUNTIF($Q$6:Q77,Q77)=1,1,0),0) -> 0 | W77: =IF(AND(J77<>"",K77<>""),_xlfn.CONCAT(SUBSTITUTE(J77,"/","."),"-",K77),"") -> NA.25.VIII.138-16 | X77: =IF(AND(Q77<>"",R77<>""),_xlfn.CONCAT(SUBSTITUTE(Q77,"/","."),"-",R77),"")
B78: 73 | C78: SN-0073 | D78: PALU BAJA - 500g | E78: 1 | F78: PCS | G78: TOMY | H78: MAINTENANCE MA | I78: 45884 | J78: NA/25/VIII/138 | K78: 15 | L78: NA.25.VIII.138-15 | M78: =IF(L78="","",HYPERLINK(_xlfn.CONCAT($L$4,L78,".jpg"),"Open File")) -> Open File | N78: UNTUK STPP AWAL MAINTENANCE | O78: =IF(AND(Q78<>"",T78<>""),"PASSIVE",IF(AND(J78<>"",M78<>""),"ACTIVE","")) -> ACTIVE | T78: =IF(S78="","",HYPERLINK(_xlfn.CONCAT($S$4,S78,".jpg"),"Open File")) | V78: =IF(AND(Q78<>"",RIGHT(Q78,3)<>""),IF(COUNTIF($Q$6:Q78,Q78)=1,1,0),0) -> 0 | W78: =IF(AND(J78<>"",K78<>""),_xlfn.CONCAT(SUBSTITUTE(J78,"/","."),"-",K78),"") -> NA.25.VIII.138-15 | X78: =IF(AND(Q78<>"",R78<>""),_xlfn.CONCAT(SUBSTITUTE(Q78,"/","."),"-",R78),"")
B79: 74 | C79: SN-0074 | D79: PALU BAJA - 500g | E79: 1 | F79: PCS | G79: TOMY | H79: MAINTENANCE KENDARAAN | I79: 45884 | J79: NA/25/VIII/138 | K79: 14 | L79: NA.25.VIII.138-14 | M79: =IF(L79="","",HYPERLINK(_xlfn.CONCAT($L$4,L79,".jpg"),"Open File")) -> Open File | N79: UNTUK STPP AWAL MAINTENANCE | O79: =IF(AND(Q79<>"",T79<>""),"PASSIVE",IF(AND(J79<>"",M79<>""),"ACTIVE","")) -> ACTIVE | T79: =IF(S79="","",HYPERLINK(_xlfn.CONCAT($S$4,S79,".jpg"),"Open File")) | V79: =IF(AND(Q79<>"",RIGHT(Q79,3)<>""),IF(COUNTIF($Q$6:Q79,Q79)=1,1,0),0) -> 0 | W79: =IF(AND(J79<>"",K79<>""),_xlfn.CONCAT(SUBSTITUTE(J79,"/","."),"-",K79),"") -> NA.25.VIII.138-14 | X79: =IF(AND(Q79<>"",R79<>""),_xlfn.CONCAT(SUBSTITUTE(Q79,"/","."),"-",R79),"")
B80: 75 | C80: SN-0075 | D80: PALU BAJA - 500g | E80: 1 | F80: PCS | G80: TOMY | H80: MAINTENANCE KENDARAAN | I80: 45884 | J80: NA/25/VIII/138 | K80: 13 | L80: NA.25.VIII.138-13 | M80: =IF(L80="","",HYPERLINK(_xlfn.CONCAT($L$4,L80,".jpg"),"Open File")) -> Open File | N80: UNTUK STPP AWAL MAINTENANCE | O80: =IF(AND(Q80<>"",T80<>""),"PASSIVE",IF(AND(J80<>"",M80<>""),"ACTIVE","")) -> ACTIVE | T80: =IF(S80="","",HYPERLINK(_xlfn.CONCAT($S$4,S80,".jpg"),"Open File")) | V80: =IF(AND(Q80<>"",RIGHT(Q80,3)<>""),IF(COUNTIF($Q$6:Q80,Q80)=1,1,0),0) -> 0 | W80: =IF(AND(J80<>"",K80<>""),_xlfn.CONCAT(SUBSTITUTE(J80,"/","."),"-",K80),"") -> NA.25.VIII.138-13 | X80: =IF(AND(Q80<>"",R80<>""),_xlfn.CONCAT(SUBSTITUTE(Q80,"/","."),"-",R80),"")
B81: 76 | C81: SN-0076 | D81: PALU KARET - 500g | E81: 1 | F81: PCS | G81: TOMY | H81: MAINTENANCE KENDARAAN | I81: 45884 | J81: NA/25/VIII/138 | K81: 12 | L81: NA.25.VIII.138-12 | M81: =IF(L81="","",HYPERLINK(_xlfn.CONCAT($L$4,L81,".jpg"),"Open File")) -> Open File | N81: UNTUK STPP AWAL MAINTENANCE | O81: =IF(AND(Q81<>"",T81<>""),"PASSIVE",IF(AND(J81<>"",M81<>""),"ACTIVE","")) -> ACTIVE | T81: =IF(S81="","",HYPERLINK(_xlfn.CONCAT($S$4,S81,".jpg"),"Open File")) | V81: =IF(AND(Q81<>"",RIGHT(Q81,3)<>""),IF(COUNTIF($Q$6:Q81,Q81)=1,1,0),0) -> 0 | W81: =IF(AND(J81<>"",K81<>""),_xlfn.CONCAT(SUBSTITUTE(J81,"/","."),"-",K81),"") -> NA.25.VIII.138-12 | X81: =IF(AND(Q81<>"",R81<>""),_xlfn.CONCAT(SUBSTITUTE(Q81,"/","."),"-",R81),"")
... B84: 79 | C84: SN-0079 | D84: PENGGARIS SIKU - BLITZ / 12" | E84: 1 | F84: PCS | G84: TOMY | H84: MAINTENANCE MA | I84: 45884 | J84: NA/25/VIII/138 | K84: 9 | L84: NA.25.VIII.138-9 | M84: =IF(L84="","",HYPERLINK(_xlfn.CONCAT($L$4,L84,".jpg"),"Open File")) -> Open File | N84: UNTUK STPP AWAL MAINTENANCE | O84: =IF(AND(Q84<>"",T84<>""),"PASSIVE",IF(AND(J84<>"",M84<>""),"ACTIVE","")) -> ACTIVE | T84: =IF(S84="","",HYPERLINK(_xlfn.CONCAT($S$4,S84,".jpg"),"Open File")) | V84: =IF(AND(Q84<>"",RIGHT(Q84,3)<>""),IF(COUNTIF($Q$6:Q84,Q84)=1,1,0),0) -> 0 | W84: =IF(AND(J84<>"",K84<>""),_xlfn.CONCAT(SUBSTITUTE(J84,"/","."),"-",K84),"") -> NA.25.VIII.138-9 | X84: =IF(AND(Q84<>"",R84<>""),_xlfn.CONCAT(SUBSTITUTE(Q84,"/","."),"-",R84),"")
B85: 80 | C85: SN-0080 | D85: REGULATOR ARGON (ISO 9001) - STAHLWERK / 0-3500(psi) 0-250(bar) | E85: 1 | F85: SET | G85: TOMY | H85: MAINTENANCE MA | I85: 45884 | J85: NA/25/VIII/138 | K85: 8 | L85: NA.25.VIII.138-8 | M85: =IF(L85="","",HYPERLINK(_xlfn.CONCAT($L$4,L85,".jpg"),"Open File")) -> Open File | N85: UNTUK STPP AWAL MAINTENANCE | O85: =IF(AND(Q85<>"",T85<>""),"PASSIVE",IF(AND(J85<>"",M85<>""),"ACTIVE","")) -> PASSIVE | P85: 45912 | Q85: RI/NV/25/IX/069 | R85: 2 | S85: RI.NV.25.IX.069-2 | T85: =IF(S85="","",HYPERLINK(_xlfn.CONCAT($S$4,S85,".jpg"),"Open File")) -> Open File | U85: KEMBALI TUKAR DENGAN MESIN LAS CIGWELD | V85: =IF(AND(Q85<>"",RIGHT(Q85,3)<>""),IF(COUNTIF($Q$6:Q85,Q85)=1,1,0),0) -> 0 | W85: =IF(AND(J85<>"",K85<>""),_xlfn.CONCAT(SUBSTITUTE(J85,"/","."),"-",K85),"") -> NA.25.VIII.138-8 | X85: =IF(AND(Q85<>"",R85<>""),_xlfn.CONCAT(SUBSTITUTE(Q85,"/","."),"-",R85),"") -> RI.NV.25.IX.069-2
B86: 81 | C86: SN-0081 | D86: SARUNG TANGAN KULIT - LOKAL | E86: 1 | F86: SET | G86: TOMY | H86: MAINTENANCE MA | I86: 45884 | J86: NA/25/VIII/138 | K86: 7 | L86: NA.25.VIII.138-7 | M86: =IF(L86="","",HYPERLINK(_xlfn.CONCAT($L$4,L86,".jpg"),"Open File")) -> Open File | N86: UNTUK STPP AWAL MAINTENANCE | O86: =IF(AND(Q86<>"",T86<>""),"PASSIVE",IF(AND(J86<>"",M86<>""),"ACTIVE","")) -> ACTIVE | T86: =IF(S86="","",HYPERLINK(_xlfn.CONCAT($S$4,S86,".jpg"),"Open File")) | V86: =IF(AND(Q86<>"",RIGHT(Q86,3)<>""),IF(COUNTIF($Q$6:Q86,Q86)=1,1,0),0) -> 0 | W86: =IF(AND(J86<>"",K86<>""),_xlfn.CONCAT(SUBSTITUTE(J86,"/","."),"-",K86),"") -> NA.25.VIII.138-7 | X86: =IF(AND(Q86<>"",R86<>""),_xlfn.CONCAT(SUBSTITUTE(Q86,"/","."),"-",R86),"")
B87: 82 | C87: SN-0082 | D87: STANG LAS ARGON - WP 26 / P = 3m | E87: 1 | F87: SET | G87: TOMY | H87: MAINTENANCE MA | I87: 45884 | J87: NA/25/VIII/138 | K87: 6 | L87: NA.25.VIII.138-6 | M87: =IF(L87="","",HYPERLINK(_xlfn.CONCAT($L$4,L87,".jpg"),"Open File")) -> Open File | N87: UNTUK STPP AWAL MAINTENANCE | O87: =IF(AND(Q87<>"",T87<>""),"PASSIVE",IF(AND(J87<>"",M87<>""),"ACTIVE","")) -> PASSIVE | P87: 45912 | Q87: RI/NV/25/IX/069 | R87: 1 | S87: RI.NV.25.IX.069-1 | T87: =IF(S87="","",HYPERLINK(_xlfn.CONCAT($S$4,S87,".jpg"),"Open File")) -> Open File | U87: KEMBALI TUKAR DENGAN MESIN LAS CIGWELD | V87: =IF(AND(Q87<>"",RIGHT(Q87,3)<>""),IF(COUNTIF($Q$6:Q87,Q87)=1,1,0),0) -> 0 | W87: =IF(AND(J87<>"",K87<>""),_xlfn.CONCAT(SUBSTITUTE(J87,"/","."),"-",K87),"") -> NA.25.VIII.138-6 | X87: =IF(AND(Q87<>"",R87<>""),_xlfn.CONCAT(SUBSTITUTE(Q87,"/","."),"-",R87),"") -> RI.NV.25.IX.069-1
B88: 83 | C88: SN-0083 | D88: TANG KOMBINASI - SOLIGEN / 6" | E88: 1 | F88: PCS | G88: TOMY | H88: MAINTENANCE MA | I88: 45884 | J88: NA/25/VIII/138 | K88: 5 | L88: NA.25.VIII.138-5 | M88: =IF(L88="","",HYPERLINK(_xlfn.CONCAT($L$4,L88,".jpg"),"Open File")) -> Open File | N88: UNTUK STPP AWAL MAINTENANCE | O88: =IF(AND(Q88<>"",T88<>""),"PASSIVE",IF(AND(J88<>"",M88<>""),"ACTIVE","")) -> ACTIVE | T88: =IF(S88="","",HYPERLINK(_xlfn.CONCAT($S$4,S88,".jpg"),"Open File")) | V88: =IF(AND(Q88<>"",RIGHT(Q88,3)<>""),IF(COUNTIF($Q$6:Q88,Q88)=1,1,0),0) -> 0 | W88: =IF(AND(J88<>"",K88<>""),_xlfn.CONCAT(SUBSTITUTE(J88,"/","."),"-",K88),"") -> NA.25.VIII.138-5 | X88: =IF(AND(Q88<>"",R88<>""),_xlfn.CONCAT(SUBSTITUTE(Q88,"/","."),"-",R88),"")
B89: 84 | C89: SN-0084 | D89: TOPENG LAS - LOKAL | E89: 1 | F89: PCS | G89: TOMY | H89: MAINTENANCE MA | I89: 45884 | J89: NA/25/VIII/138 | K89: 4 | L89: NA.25.VIII.138-4 | M89: =IF(L89="","",HYPERLINK(_xlfn.CONCAT($L$4,L89,".jpg"),"Open File")) -> Open File | N89: UNTUK STPP AWAL MAINTENANCE | O89: =IF(AND(Q89<>"",T89<>""),"PASSIVE",IF(AND(J89<>"",M89<>""),"ACTIVE","")) -> PASSIVE | P89: 45979 | Q89: RI/NV/25/XI/061 | R89: 2 | S89: RI.NV.25.XI.061-2 | T89: =IF(S89="","",HYPERLINK(_xlfn.CONCAT($S$4,S89,".jpg"),"Open File")) -> Open File | U89: DITARIK SEMENTARA DARI STPP MAINTENANCE UNTUK DILAKUKAN PENGGANTIAN KACA LAS YANG BARU | V89: =IF(AND(Q89<>"",RIGHT(Q89,3)<>""),IF(COUNTIF($Q$6:Q89,Q89)=1,1,0),0) -> 1 | W89: =IF(AND(J89<>"",K89<>""),_xlfn.CONCAT(SUBSTITUTE(J89,"/","."),"-",K89),"") -> NA.25.VIII.138-4 | X89: =IF(AND(Q89<>"",R89<>""),_xlfn.CONCAT(SUBSTITUTE(Q89,"/","."),"-",R89),"") -> RI.NV.25.XI.061-2
B90: 85 | C90: SN-0085 | D90: TOPENG LAS - ROHA | E90: 1 | F90: PCS | G90: TOMY | H90: MAINTENANCE MA | I90: 45884 | J90: NA/25/VIII/138 | K90: 3 | L90: NA.25.VIII.138-3 | M90: =IF(L90="","",HYPERLINK(_xlfn.CONCAT($L$4,L90,".jpg"),"Open File")) -> Open File | N90: UNTUK STPP AWAL MAINTENANCE | O90: =IF(AND(Q90<>"",T90<>""),"PASSIVE",IF(AND(J90<>"",M90<>""),"ACTIVE","")) -> PASSIVE | P90: 45979 | Q90: RI/NV/25/XI/061 | R90: 1 | S90: RI.NV.25.XI.061-1 | T90: =IF(S90="","",HYPERLINK(_xlfn.CONCAT($S$4,S90,".jpg"),"Open File")) -> Open File | U90: DITARIK SEMENTARA DARI STPP MAINTENANCE UNTUK DILAKUKAN PENGGANTIAN KACA LAS YANG BARU | V90: =IF(AND(Q90<>"",RIGHT(Q90,3)<>""),IF(COUNTIF($Q$6:Q90,Q90)=1,1,0),0) -> 0 | W90: =IF(AND(J90<>"",K90<>""),_xlfn.CONCAT(SUBSTITUTE(J90,"/","."),"-",K90),"") -> NA.25.VIII.138-3 | X90: =IF(AND(Q90<>"",R90<>""),_xlfn.CONCAT(SUBSTITUTE(Q90,"/","."),"-",R90),"") -> RI.NV.25.XI.061-1
B91: 86 | C91: SN-0086 | D91: TOPENG LAS - ROHA | E91: 1 | F91: PCS | G91: TOMY | H91: MAINTENANCE MA | I91: 45884 | J91: NA/25/VIII/138 | K91: 2 | L91: NA.25.VIII.138-2 | M91: =IF(L91="","",HYPERLINK(_xlfn.CONCAT($L$4,L91,".jpg"),"Open File")) -> Open File | N91: UNTUK STPP AWAL MAINTENANCE | O91: =IF(AND(Q91<>"",T91<>""),"PASSIVE",IF(AND(J91<>"",M91<>""),"ACTIVE","")) -> ACTIVE | T91: =IF(S91="","",HYPERLINK(_xlfn.CONCAT($S$4,S91,".jpg"),"Open File")) | V91: =IF(AND(Q91<>"",RIGHT(Q91,3)<>""),IF(COUNTIF($Q$6:Q91,Q91)=1,1,0),0) -> 0 | W91: =IF(AND(J91<>"",K91<>""),_xlfn.CONCAT(SUBSTITUTE(J91,"/","."),"-",K91),"") -> NA.25.VIII.138-2 | X91: =IF(AND(Q91<>"",R91<>""),_xlfn.CONCAT(SUBSTITUTE(Q91,"/","."),"-",R91),"")
B92: 87 | C92: SN-0087 | D92: TOPENG LAS - WIPRO | E92: 1 | F92: PCS | G92: TOMY | H92: MAINTENANCE MA | I92: 45884 | J92: NA/25/VIII/138 | K92: 1 | L92: NA.25.VIII.138-1 | M92: =IF(L92="","",HYPERLINK(_xlfn.CONCAT($L$4,L92,".jpg"),"Open File")) -> Open File | N92: UNTUK STPP AWAL MAINTENANCE | O92: =IF(AND(Q92<>"",T92<>""),"PASSIVE",IF(AND(J92<>"",M92<>""),"ACTIVE","")) -> PASSIVE | P92: 45979 | Q92: RI/NV/25/XI/061 | R92: 1 | S92: RI.NV.25.XI.061-1 | T92: =IF(S92="","",HYPERLINK(_xlfn.CONCAT($S$4,S92,".jpg"),"Open File")) -> Open File | U92: DITARIK SEMENTARA DARI STPP MAINTENANCE UNTUK DILAKUKAN PENGGANTIAN KACA LAS YANG BARU | V92: =IF(AND(Q92<>"",RIGHT(Q92,3)<>""),IF(COUNTIF($Q$6:Q92,Q92)=1,1,0),0) -> 0 | W92: =IF(AND(J92<>"",K92<>""),_xlfn.CONCAT(SUBSTITUTE(J92,"/","."),"-",K92),"") -> NA.25.VIII.138-1 | X92: =IF(AND(Q92<>"",R92<>""),_xlfn.CONCAT(SUBSTITUTE(Q92,"/","."),"-",R92),"") -> RI.NV.25.XI.061-1
B93: 88 | C93: SN-0088 | D93: PENGUKUR TEKANAN TABUNG C2H2 | E93: 1 | F93: SET | G93: SONY | H93: DISTRIBUSI | I93: 45888 | J93: NA/25/VIII/175 | K93: 15 | L93: NA.25.VIII.175-15 | M93: =IF(L93="","",HYPERLINK(_xlfn.CONCAT($L$4,L93,".jpg"),"Open File")) -> Open File | N93: UNTUK STPP AWAL DISTRIBUSI | O93: =IF(AND(Q93<>"",T93<>""),"PASSIVE",IF(AND(J93<>"",M93<>""),"ACTIVE","")) -> ACTIVE | T93: =IF(S93="","",HYPERLINK(_xlfn.CONCAT($S$4,S93,".jpg"),"Open File")) | V93: =IF(AND(Q93<>"",RIGHT(Q93,3)<>""),IF(COUNTIF($Q$6:Q93,Q93)=1,1,0),0) -> 0 | W93: =IF(AND(J93<>"",K93<>""),_xlfn.CONCAT(SUBSTITUTE(J93,"/","."),"-",K93),"") -> NA.25.VIII.175-15 | X93: =IF(AND(Q93<>"",R93<>""),_xlfn.CONCAT(SUBSTITUTE(Q93,"/","."),"-",R93),"")
B94: 89 | C94: SN-0089 | D94: PENGUKUR TEKANAN TABUNG O2/N2/AR | E94: 1 | F94: SET | G94: SONY | H94: DISTRIBUSI | I94: 45888 | J94: NA/25/VIII/175 | K94: 14 | L94: NA.25.VIII.175-14 | M94: =IF(L94="","",HYPERLINK(_xlfn.CONCAT($L$4,L94,".jpg"),"Open File")) -> Open File | N94: UNTUK STPP AWAL DISTRIBUSI | O94: =IF(AND(Q94<>"",T94<>""),"PASSIVE",IF(AND(J94<>"",M94<>""),"ACTIVE","")) -> ACTIVE | P94: 46120 | Q94: RI/NV/26/IV/002 | T94: =IF(S94="","",HYPERLINK(_xlfn.CONCAT($S$4,S94,".jpg"),"Open File")) | U94: DITARIK SEMENTARA DARI STPP DISTRIBUSI UNTUK DIGANTI MANOMETER/PRESSURE GAUGE NYA KARENA RUSAK | V94: =IF(AND(Q94<>"",RIGHT(Q94,3)<>""),IF(COUNTIF($Q$6:Q94,Q94)=1,1,0),0) -> 1 | W94: =IF(AND(J94<>"",K94<>""),_xlfn.CONCAT(SUBSTITUTE(J94,"/","."),"-",K94),"") -> NA.25.VIII.175-14 | X94: =IF(AND(Q94<>"",R94<>""),_xlfn.CONCAT(SUBSTITUTE(Q94,"/","."),"-",R94),"")
B95: 90 | C95: SN-0090 | D95: PENGUKUR TEKANAN TABUNG O2/N2/AR | E95: 1 | F95: SET | G95: SONY | H95: DISTRIBUSI | I95: 45888 | J95: NA/25/VIII/175 | K95: 13 | L95: NA.25.VIII.175-13 | M95: =IF(L95="","",HYPERLINK(_xlfn.CONCAT($L$4,L95,".jpg"),"Open File")) -> Open File | N95: UNTUK STPP AWAL DISTRIBUSI | O95: =IF(AND(Q95<>"",T95<>""),"PASSIVE",IF(AND(J95<>"",M95<>""),"ACTIVE","")) -> PASSIVE | P95: 45941 | Q95: RI/NV/25/X/048 | R95: 1 | S95: RI.NV.25.X.048-1 | T95: =IF(S95="","",HYPERLINK(_xlfn.CONCAT($S$4,S95,".jpg"),"Open File")) -> Open File | U95: DIKEMBALIKAN HANYA UNTUK DIGANTI PRESSURE GAUGE NYA KARENA SUDAH RUSAK | V95: =IF(AND(Q95<>"",RIGHT(Q95,3)<>""),IF(COUNTIF($Q$6:Q95,Q95)=1,1,0),0) -> 1 | W95: =IF(AND(J95<>"",K95<>""),_xlfn.CONCAT(SUBSTITUTE(J95,"/","."),"-",K95),"") -> NA.25.VIII.175-13 | X95: =IF(AND(Q95<>"",R95<>""),_xlfn.CONCAT(SUBSTITUTE(Q95,"/","."),"-",R95),"") -> RI.NV.25.X.048-1
B96: 91 | C96: SN-0091 | D96: CONNECTOR CURAH STAINLESS 1" - MALE 1 1/2" BSP | E96: 1 | F96: SET | G96: SONY | H96: DISTRIBUSI | I96: 45888 | J96: NA/25/VIII/175 | K96: 12 | L96: NA.25.VIII.175-12 | M96: =IF(L96="","",HYPERLINK(_xlfn.CONCAT($L$4,L96,".jpg"),"Open File")) -> Open File | N96: UNTUK STPP AWAL DISTRIBUSI | O96: =IF(AND(Q96<>"",T96<>""),"PASSIVE",IF(AND(J96<>"",M96<>""),"ACTIVE","")) -> ACTIVE | T96: =IF(S96="","",HYPERLINK(_xlfn.CONCAT($S$4,S96,".jpg"),"Open File")) | V96: =IF(AND(Q96<>"",RIGHT(Q96,3)<>""),IF(COUNTIF($Q$6:Q96,Q96)=1,1,0),0) -> 0 | W96: =IF(AND(J96<>"",K96<>""),_xlfn.CONCAT(SUBSTITUTE(J96,"/","."),"-",K96),"") -> NA.25.VIII.175-12 | X96: =IF(AND(Q96<>"",R96<>""),_xlfn.CONCAT(SUBSTITUTE(Q96,"/","."),"-",R96),"")
B97: 92 | C97: SN-0092 | D97: CONNECTOR CURAH STAINLESS 1" - MALE 1 1/2" BSP | E97: 1 | F97: SET | G97: SONY | H97: DISTRIBUSI | I97: 45888 | J97: NA/25/VIII/175 | K97: 11 | L97: NA.25.VIII.175-11 | M97: =IF(L97="","",HYPERLINK(_xlfn.CONCAT($L$4,L97,".jpg"),"Open File")) -> Open File | N97: UNTUK STPP AWAL DISTRIBUSI | O97: =IF(AND(Q97<>"",T97<>""),"PASSIVE",IF(AND(J97<>"",M97<>""),"ACTIVE","")) -> ACTIVE | T97: =IF(S97="","",HYPERLINK(_xlfn.CONCAT($S$4,S97,".jpg"),"Open File")) | V97: =IF(AND(Q97<>"",RIGHT(Q97,3)<>""),IF(COUNTIF($Q$6:Q97,Q97)=1,1,0),0) -> 0 | W97: =IF(AND(J97<>"",K97<>""),_xlfn.CONCAT(SUBSTITUTE(J97,"/","."),"-",K97),"") -> NA.25.VIII.175-11 | X97: =IF(AND(Q97<>"",R97<>""),_xlfn.CONCAT(SUBSTITUTE(Q97,"/","."),"-",R97),"")
B98: 93 | C98: SN-0093 | D98: CONNECTOR CURAH STAINLESS 1 1/2" - MALE 1 1/2" BSP | E98: 1 | F98: SET | G98: SONY | H98: DISTRIBUSI | I98: 45888 | J98: NA/25/VIII/175 | K98: 10 | L98: NA.25.VIII.175-10 | M98: =IF(L98="","",HYPERLINK(_xlfn.CONCAT($L$4,L98,".jpg"),"Open File")) -> Open File | N98: UNTUK STPP AWAL DISTRIBUSI | O98: =IF(AND(Q98<>"",T98<>""),"PASSIVE",IF(AND(J98<>"",M98<>""),"ACTIVE","")) -> PASSIVE | P98: 46010 | Q98: RI/NV/25/XII/074 | R98: 1 | S98: RI.NV.25.XII.074-1 | T98: =IF(S98="","",HYPERLINK(_xlfn.CONCAT($S$4,S98,".jpg"),"Open File")) -> Open File | U98: DIAMBIL DARI DISTRIBUSI UNTUK DIPASANG PADA MB TANK 5000 KEPERLUAN PROJECT PT. DJARUM KUDUS | V98: =IF(AND(Q98<>"",RIGHT(Q98,3)<>""),IF(COUNTIF($Q$6:Q98,Q98)=1,1,0),0) -> 1 | W98: =IF(AND(J98<>"",K98<>""),_xlfn.CONCAT(SUBSTITUTE(J98,"/","."),"-",K98),"") -> NA.25.VIII.175-10 | X98: =IF(AND(Q98<>"",R98<>""),_xlfn.CONCAT(SUBSTITUTE(Q98,"/","."),"-",R98),"") -> RI.NV.25.XII.074-1
B99: 94 | C99: SN-0094 | D99: KUNCI INGGRIS - TEKIRO / WR-AD1962 / 12" | E99: 1 | F99: PCS | G99: SONY | H99: DISTRIBUSI | I99: 45888 | J99: NA/25/VIII/175 | K99: 9 | L99: NA.25.VIII.175-9 | M99: =IF(L99="","",HYPERLINK(_xlfn.CONCAT($L$4,L99,".jpg"),"Open File")) -> Open File | N99: UNTUK STPP AWAL DISTRIBUSI | O99: =IF(AND(Q99<>"",T99<>""),"PASSIVE",IF(AND(J99<>"",M99<>""),"ACTIVE","")) -> PASSIVE | P99: 46028 | Q99: RI/NV/26/I/016 | R99: 1 | S99: RI.NV.26.I.016-1 | T99: =IF(S99="","",HYPERLINK(_xlfn.CONCAT($S$4,S99,".jpg"),"Open File")) -> Open File | U99: PENGGANTIAN KUNCI INGGRIS YANG HILANG OLEH DRIVER, HELPER JAJANG & AAN | V99: =IF(AND(Q99<>"",RIGHT(Q99,3)<>""),IF(COUNTIF($Q$6:Q99,Q99)=1,1,0),0) -> 1 | W99: =IF(AND(J99<>"",K99<>""),_xlfn.CONCAT(SUBSTITUTE(J99,"/","."),"-",K99),"") -> NA.25.VIII.175-9 | X99: =IF(AND(Q99<>"",R99<>""),_xlfn.CONCAT(SUBSTITUTE(Q99,"/","."),"-",R99),"") -> RI.NV.26.I.016-1
B100: 95 | C100: SN-0095 | D100: KUNCI PEN ACETYLENE BAJA | E100: 1 | F100: PCS | G100: SONY | H100: DISTRIBUSI | I100: 45888 | J100: NA/25/VIII/175 | K100: 8 | L100: NA.25.VIII.175-8 | M100: =IF(L100="","",HYPERLINK(_xlfn.CONCAT($L$4,L100,".jpg"),"Open File")) -> Open File | N100: UNTUK STPP AWAL DISTRIBUSI | O100: =IF(AND(Q100<>"",T100<>""),"PASSIVE",IF(AND(J100<>"",M100<>""),"ACTIVE","")) -> ACTIVE | T100: =IF(S100="","",HYPERLINK(_xlfn.CONCAT($S$4,S100,".jpg"),"Open File")) | V100: =IF(AND(Q100<>"",RIGHT(Q100,3)<>""),IF(COUNTIF($Q$6:Q100,Q100)=1,1,0),0) -> 0 | W100: =IF(AND(J100<>"",K100<>""),_xlfn.CONCAT(SUBSTITUTE(J100,"/","."),"-",K100),"") -> NA.25.VIII.175-8 | X100: =IF(AND(Q100<>"",R100<>""),_xlfn.CONCAT(SUBSTITUTE(Q100,"/","."),"-",R100),"")
B101: 96 | C101: SN-0096 | D101: KUNCI RODA STANG - LOKAL / 21 x 41mm | E101: 1 | F101: SET | G101: SONY | H101: DISTRIBUSI | I101: 45888 | J101: NA/25/VIII/175 | K101: 7 | L101: NA.25.VIII.175-7 | M101: =IF(L101="","",HYPERLINK(_xlfn.CONCAT($L$4,L101,".jpg"),"Open File")) -> Open File | N101: UNTUK STPP AWAL DISTRIBUSI | O101: =IF(AND(Q101<>"",T101<>""),"PASSIVE",IF(AND(J101<>"",M101<>""),"ACTIVE","")) -> ACTIVE | T101: =IF(S101="","",HYPERLINK(_xlfn.CONCAT($S$4,S101,".jpg"),"Open File")) | V101: =IF(AND(Q101<>"",RIGHT(Q101,3)<>""),IF(COUNTIF($Q$6:Q101,Q101)=1,1,0),0) -> 0 | W101: =IF(AND(J101<>"",K101<>""),_xlfn.CONCAT(SUBSTITUTE(J101,"/","."),"-",K101),"") -> NA.25.VIII.175-7 | X101: =IF(AND(Q101<>"",R101<>""),_xlfn.CONCAT(SUBSTITUTE(Q101,"/","."),"-",R101),"")
B102: 97 | C102: SN-0097 | D102: P3K | E102: 1 | F102: SET | G102: SONY | H102: DISTRIBUSI | I102: 45888 | J102: NA/25/VIII/175 | K102: 6 | L102: NA.25.VIII.175-6 | M102: =IF(L102="","",HYPERLINK(_xlfn.CONCAT($L$4,L102,".jpg"),"Open File")) -> Open File | N102: UNTUK STPP AWAL DISTRIBUSI | O102: =IF(AND(Q102<>"",T102<>""),"PASSIVE",IF(AND(J102<>"",M102<>""),"ACTIVE","")) -> ACTIVE | T102: =IF(S102="","",HYPERLINK(_xlfn.CONCAT($S$4,S102,".jpg"),"Open File")) | V102: =IF(AND(Q102<>"",RIGHT(Q102,3)<>""),IF(COUNTIF($Q$6:Q102,Q102)=1,1,0),0) -> 0 | W102: =IF(AND(J102<>"",K102<>""),_xlfn.CONCAT(SUBSTITUTE(J102,"/","."),"-",K102),"") -> NA.25.VIII.175-6 | X102: =IF(AND(Q102<>"",R102<>""),_xlfn.CONCAT(SUBSTITUTE(Q102,"/","."),"-",R102),"")
B103: 98 | C103: SN-0098 | D103: LASHING RATCHET - SPANSET / 20020/2-B-5M-07 / LC 2500kg STF 450kg | E103: 1 | F103: SET | G103: SONY | H103: DISTRIBUSI | I103: 45888 | J103: NA/25/VIII/175 | K103: 5 | L103: NA.25.VIII.175-5 | M103: =IF(L103="","",HYPERLINK(_xlfn.CONCAT($L$4,L103,".jpg"),"Open File")) -> Open File | N103: UNTUK STPP AWAL DISTRIBUSI | O103: =IF(AND(Q103<>"",T103<>""),"PASSIVE",IF(AND(J103<>"",M103<>""),"ACTIVE","")) -> ACTIVE | T103: =IF(S103="","",HYPERLINK(_xlfn.CONCAT($S$4,S103,".jpg"),"Open File")) | V103: =IF(AND(Q103<>"",RIGHT(Q103,3)<>""),IF(COUNTIF($Q$6:Q103,Q103)=1,1,0),0) -> 0 | W103: =IF(AND(J103<>"",K103<>""),_xlfn.CONCAT(SUBSTITUTE(J103,"/","."),"-",K103),"") -> NA.25.VIII.175-5 | X103: =IF(AND(Q103<>"",R103<>""),_xlfn.CONCAT(SUBSTITUTE(Q103,"/","."),"-",R103),"")
B104: 99 | C104: SN-0099 | D104: SEGITIGA PENGAMAN - HINO / @2pcs | E104: 1 | F104: SET | G104: SONY | H104: DISTRIBUSI | I104: 45888 | J104: NA/25/VIII/175 | K104: 4 | L104: NA.25.VIII.175-4 | M104: =IF(L104="","",HYPERLINK(_xlfn.CONCAT($L$4,L104,".jpg"),"Open File")) -> Open File | N104: UNTUK STPP AWAL DISTRIBUSI | O104: =IF(AND(Q104<>"",T104<>""),"PASSIVE",IF(AND(J104<>"",M104<>""),"ACTIVE","")) -> ACTIVE | T104: =IF(S104="","",HYPERLINK(_xlfn.CONCAT($S$4,S104,".jpg"),"Open File")) | V104: =IF(AND(Q104<>"",RIGHT(Q104,3)<>""),IF(COUNTIF($Q$6:Q104,Q104)=1,1,0),0) -> 0 | W104: =IF(AND(J104<>"",K104<>""),_xlfn.CONCAT(SUBSTITUTE(J104,"/","."),"-",K104),"") -> NA.25.VIII.175-4 | X104: =IF(AND(Q104<>"",R104<>""),_xlfn.CONCAT(SUBSTITUTE(Q104,"/","."),"-",R104),"")
B105: 100 | C105: SN-0100 | D105: PENGGANJAL RODA KARET | E105: 1 | F105: PCS | G105: SONY | H105: DISTRIBUSI | I105: 45888 | J105: NA/25/VIII/175 | K105: 3 | L105: NA.25.VIII.175-3 | M105: =IF(L105="","",HYPERLINK(_xlfn.CONCAT($L$4,L105,".jpg"),"Open File")) -> Open File | N105: UNTUK STPP AWAL DISTRIBUSI | O105: =IF(AND(Q105<>"",T105<>""),"PASSIVE",IF(AND(J105<>"",M105<>""),"ACTIVE","")) -> ACTIVE | T105: =IF(S105="","",HYPERLINK(_xlfn.CONCAT($S$4,S105,".jpg"),"Open File")) | V105: =IF(AND(Q105<>"",RIGHT(Q105,3)<>""),IF(COUNTIF($Q$6:Q105,Q105)=1,1,0),0) -> 0 | W105: =IF(AND(J105<>"",K105<>""),_xlfn.CONCAT(SUBSTITUTE(J105,"/","."),"-",K105),"") -> NA.25.VIII.175-3 | X105: =IF(AND(Q105<>"",R105<>""),_xlfn.CONCAT(SUBSTITUTE(Q105,"/","."),"-",R105),"")
B106: 101 | C106: SN-0101 | D106: PENGGANJAL RODA KARET | E106: 1 | F106: PCS | G106: SONY | H106: DISTRIBUSI | I106: 45888 | J106: NA/25/VIII/175 | K106: 2 | L106: NA.25.VIII.175-2 | M106: =IF(L106="","",HYPERLINK(_xlfn.CONCAT($L$4,L106,".jpg"),"Open File")) -> Open File | N106: UNTUK STPP AWAL DISTRIBUSI | O106: =IF(AND(Q106<>"",T106<>""),"PASSIVE",IF(AND(J106<>"",M106<>""),"ACTIVE","")) -> ACTIVE | T106: =IF(S106="","",HYPERLINK(_xlfn.CONCAT($S$4,S106,".jpg"),"Open File")) | V106: =IF(AND(Q106<>"",RIGHT(Q106,3)<>""),IF(COUNTIF($Q$6:Q106,Q106)=1,1,0),0) -> 0 | W106: =IF(AND(J106<>"",K106<>""),_xlfn.CONCAT(SUBSTITUTE(J106,"/","."),"-",K106),"") -> NA.25.VIII.175-2 | X106: =IF(AND(Q106<>"",R106<>""),_xlfn.CONCAT(SUBSTITUTE(Q106,"/","."),"-",R106),"")
B107: 102 | C107: SN-0102 | D107: LASHING RATCHET - SPANSET / 20020/2-B-5M-07 / LC 2500kg STF 450kg | E107: 1 | F107: SET | G107: SONY | H107: DISTRIBUSI | I107: 45888 | J107: NA/25/VIII/175 | K107: 1 | L107: NA.25.VIII.175-1 | M107: =IF(L107="","",HYPERLINK(_xlfn.CONCAT($L$4,L107,".jpg"),"Open File")) -> Open File | N107: UNTUK STPP AWAL DISTRIBUSI | O107: =IF(AND(Q107<>"",T107<>""),"PASSIVE",IF(AND(J107<>"",M107<>""),"ACTIVE","")) -> ACTIVE | T107: =IF(S107="","",HYPERLINK(_xlfn.CONCAT($S$4,S107,".jpg"),"Open File")) | V107: =IF(AND(Q107<>"",RIGHT(Q107,3)<>""),IF(COUNTIF($Q$6:Q107,Q107)=1,1,0),0) -> 0 | W107: =IF(AND(J107<>"",K107<>""),_xlfn.CONCAT(SUBSTITUTE(J107,"/","."),"-",K107),"") -> NA.25.VIII.175-1 | X107: =IF(AND(Q107<>"",R107<>""),_xlfn.CONCAT(SUBSTITUTE(Q107,"/","."),"-",R107),"")
B108: 103 | C108: SN-0103 | D108: TROLI TABUNG 6m3 - @2slots | E108: 1 | F108: PCS | G108: TOMY | H108: MAINTENANCE TABUNG | I108: 45888 | J108: NA/25/VIII/178 | K108: 35 | L108: NA.25.VIII.178-35 | M108: =IF(L108="","",HYPERLINK(_xlfn.CONCAT($L$4,L108,".jpg"),"Open File")) -> Open File | N108: UNTUK STPP AWAL MAINTENANCE | O108: =IF(AND(Q108<>"",T108<>""),"PASSIVE",IF(AND(J108<>"",M108<>""),"ACTIVE","")) -> ACTIVE | T108: =IF(S108="","",HYPERLINK(_xlfn.CONCAT($S$4,S108,".jpg"),"Open File")) | V108: =IF(AND(Q108<>"",RIGHT(Q108,3)<>""),IF(COUNTIF($Q$6:Q108,Q108)=1,1,0),0) -> 0 | W108: =IF(AND(J108<>"",K108<>""),_xlfn.CONCAT(SUBSTITUTE(J108,"/","."),"-",K108),"") -> NA.25.VIII.178-35 | X108: =IF(AND(Q108<>"",R108<>""),_xlfn.CONCAT(SUBSTITUTE(Q108,"/","."),"-",R108),"")
B109: 104 | C109: SN-0104 | D109: TROLI TABUNG 6m3 - @2slots | E109: 1 | F109: PCS | G109: TOMY | H109: MAINTENANCE TABUNG | I109: 45888 | J109: NA/25/VIII/178 | K109: 34 | L109: NA.25.VIII.178-34 | M109: =IF(L109="","",HYPERLINK(_xlfn.CONCAT($L$4,L109,".jpg"),"Open File")) -> Open File | N109: UNTUK STPP AWAL MAINTENANCE | O109: =IF(AND(Q109<>"",T109<>""),"PASSIVE",IF(AND(J109<>"",M109<>""),"ACTIVE","")) -> ACTIVE | T109: =IF(S109="","",HYPERLINK(_xlfn.CONCAT($S$4,S109,".jpg"),"Open File")) | V109: =IF(AND(Q109<>"",RIGHT(Q109,3)<>""),IF(COUNTIF($Q$6:Q109,Q109)=1,1,0),0) -> 0 | W109: =IF(AND(J109<>"",K109<>""),_xlfn.CONCAT(SUBSTITUTE(J109,"/","."),"-",K109),"") -> NA.25.VIII.178-34 | X109: =IF(AND(Q109<>"",R109<>""),_xlfn.CONCAT(SUBSTITUTE(Q109,"/","."),"-",R109),"")
B110: 105 | C110: SN-0105 | D110: TROLI TABUNG 6m3 - @2slots | E110: 1 | F110: PCS | G110: TOMY | H110: MAINTENANCE TABUNG | I110: 45888 | J110: NA/25/VIII/178 | K110: 33 | L110: NA.25.VIII.178-33 | M110: =IF(L110="","",HYPERLINK(_xlfn.CONCAT($L$4,L110,".jpg"),"Open File")) -> Open File | N110: UNTUK STPP AWAL MAINTENANCE | O110: =IF(AND(Q110<>"",T110<>""),"PASSIVE",IF(AND(J110<>"",M110<>""),"ACTIVE","")) -> ACTIVE | T110: =IF(S110="","",HYPERLINK(_xlfn.CONCAT($S$4,S110,".jpg"),"Open File")) | V110: =IF(AND(Q110<>"",RIGHT(Q110,3)<>""),IF(COUNTIF($Q$6:Q110,Q110)=1,1,0),0) -> 0 | W110: =IF(AND(J110<>"",K110<>""),_xlfn.CONCAT(SUBSTITUTE(J110,"/","."),"-",K110),"") -> NA.25.VIII.178-33 | X110: =IF(AND(Q110<>"",R110<>""),_xlfn.CONCAT(SUBSTITUTE(Q110,"/","."),"-",R110),"")
B111: 106 | C111: SN-0106 | D111: TROLI TABUNG 6m3 - @2slots | E111: 1 | F111: PCS | G111: TOMY | H111: MAINTENANCE TABUNG | I111: 45888 | J111: NA/25/VIII/178 | K111: 32 | L111: NA.25.VIII.178-32 | M111: =IF(L111="","",HYPERLINK(_xlfn.CONCAT($L$4,L111,".jpg"),"Open File")) -> Open File | N111: UNTUK STPP AWAL MAINTENANCE | O111: =IF(AND(Q111<>"",T111<>""),"PASSIVE",IF(AND(J111<>"",M111<>""),"ACTIVE","")) -> ACTIVE | T111: =IF(S111="","",HYPERLINK(_xlfn.CONCAT($S$4,S111,".jpg"),"Open File")) | V111: =IF(AND(Q111<>"",RIGHT(Q111,3)<>""),IF(COUNTIF($Q$6:Q111,Q111)=1,1,0),0) -> 0 | W111: =IF(AND(J111<>"",K111<>""),_xlfn.CONCAT(SUBSTITUTE(J111,"/","."),"-",K111),"") -> NA.25.VIII.178-32 | X111: =IF(AND(Q111<>"",R111<>""),_xlfn.CONCAT(SUBSTITUTE(Q111,"/","."),"-",R111),"")
... B131: 126 | C131: SN-0126 | D131: GUNTING RUMPUT - LOKAL / 20" | E131: 1 | F131: PCS | G131: TOMY | H131: MAINTENANCE KENDARAAN | I131: 45888 | J131: NA/25/VIII/178 | K131: 12 | L131: NA.25.VIII.178-12 | M131: =IF(L131="","",HYPERLINK(_xlfn.CONCAT($L$4,L131,".jpg"),"Open File")) -> Open File | N131: UNTUK STPP AWAL MAINTENANCE | O131: =IF(AND(Q131<>"",T131<>""),"PASSIVE",IF(AND(J131<>"",M131<>""),"ACTIVE","")) -> ACTIVE | T131: =IF(S131="","",HYPERLINK(_xlfn.CONCAT($S$4,S131,".jpg"),"Open File")) | V131: =IF(AND(Q131<>"",RIGHT(Q131,3)<>""),IF(COUNTIF($Q$6:Q131,Q131)=1,1,0),0) -> 0 | W131: =IF(AND(J131<>"",K131<>""),_xlfn.CONCAT(SUBSTITUTE(J131,"/","."),"-",K131),"") -> NA.25.VIII.178-12 | X131: =IF(AND(Q131<>"",R131<>""),_xlfn.CONCAT(SUBSTITUTE(Q131,"/","."),"-",R131),"")
B132: 127 | C132: SN-0127 | D132: REGULATOR PROPANE - MURAKU / 0-40(psi) 0-3(bar) x 0-400(psi) 0-30(bar) | E132: 1 | F132: PCS | G132: TOMY | H132: MAINTENANCE KENDARAAN | I132: 45888 | J132: NA/25/VIII/178 | K132: 11 | L132: NA.25.VIII.178-11 | M132: =IF(L132="","",HYPERLINK(_xlfn.CONCAT($L$4,L132,".jpg"),"Open File")) -> Open File | N132: UNTUK STPP AWAL MAINTENANCE | O132: =IF(AND(Q132<>"",T132<>""),"PASSIVE",IF(AND(J132<>"",M132<>""),"ACTIVE","")) -> PASSIVE | P132: 46067 | Q132: RI/NV/26/II/049 | R132: 1 | S132: RI.NV.26.II.049-1 | T132: =IF(S132="","",HYPERLINK(_xlfn.CONCAT($S$4,S132,".jpg"),"Open File")) -> Open File | U132: REGULATOR RUSAK KEMBALI DARI MAINTENANCE | V132: =IF(AND(Q132<>"",RIGHT(Q132,3)<>""),IF(COUNTIF($Q$6:Q132,Q132)=1,1,0),0) -> 1 | W132: =IF(AND(J132<>"",K132<>""),_xlfn.CONCAT(SUBSTITUTE(J132,"/","."),"-",K132),"") -> NA.25.VIII.178-11 | X132: =IF(AND(Q132<>"",R132<>""),_xlfn.CONCAT(SUBSTITUTE(Q132,"/","."),"-",R132),"") -> RI.NV.26.II.049-1
B133: 128 | C133: SN-0128 | D133: REGULATOR OXYGEN - MURAKU / 0-350(psi) 0-25(bar) x 0-3500(psi) 0-250(bar) | E133: 1 | F133: PCS | G133: TOMY | H133: MAINTENANCE KENDARAAN | I133: 45888 | J133: NA/25/VIII/178 | K133: 10 | L133: NA.25.VIII.178-10 | M133: =IF(L133="","",HYPERLINK(_xlfn.CONCAT($L$4,L133,".jpg"),"Open File")) -> Open File | N133: UNTUK STPP AWAL MAINTENANCE | O133: =IF(AND(Q133<>"",T133<>""),"PASSIVE",IF(AND(J133<>"",M133<>""),"ACTIVE","")) -> ACTIVE | T133: =IF(S133="","",HYPERLINK(_xlfn.CONCAT($S$4,S133,".jpg"),"Open File")) | V133: =IF(AND(Q133<>"",RIGHT(Q133,3)<>""),IF(COUNTIF($Q$6:Q133,Q133)=1,1,0),0) -> 0 | W133: =IF(AND(J133<>"",K133<>""),_xlfn.CONCAT(SUBSTITUTE(J133,"/","."),"-",K133),"") -> NA.25.VIII.178-10 | X133: =IF(AND(Q133<>"",R133<>""),_xlfn.CONCAT(SUBSTITUTE(Q133,"/","."),"-",R133),"")
B134: 129 | C134: SN-0129 | D134: REGULATOR OXYGEN - MURAKU / 0-350(psi) 0-25(bar) x 0-3500(psi) 0-250(bar) | E134: 1 | F134: PCS | G134: TOMY | H134: MAINTENANCE MA | I134: 45888 | J134: NA/25/VIII/178 | K134: 9 | L134: NA.25.VIII.178-9 | M134: =IF(L134="","",HYPERLINK(_xlfn.CONCAT($L$4,L134,".jpg"),"Open File")) -> Open File | N134: UNTUK STPP AWAL MAINTENANCE | O134: =IF(AND(Q134<>"",T134<>""),"PASSIVE",IF(AND(J134<>"",M134<>""),"ACTIVE","")) -> PASSIVE | P134: 46151 | Q134: RI/NV/26/V/021 | R134: 1 | S134: RI.NV.26.V.021-1 | T134: =IF(S134="","",HYPERLINK(_xlfn.CONCAT($S$4,S134,".jpg"),"Open File")) -> Open File | U134: REGULATOR RUSAK KEMBALI DARI MAINTENANCE | V134: =IF(AND(Q134<>"",RIGHT(Q134,3)<>""),IF(COUNTIF($Q$6:Q134,Q134)=1,1,0),0) -> 1 | W134: =IF(AND(J134<>"",K134<>""),_xlfn.CONCAT(SUBSTITUTE(J134,"/","."),"-",K134),"") -> NA.25.VIII.178-9 | X134: =IF(AND(Q134<>"",R134<>""),_xlfn.CONCAT(SUBSTITUTE(Q134,"/","."),"-",R134),"") -> RI.NV.26.V.021-1
B135: 130 | C135: SN-0130 | D135: REGULATOR LPG - YAMATO SANGYO / YR-76 / 0-30(lbs/in2) 0-2(kg/cm2) x 0-350(lbs/in2) 0-25(kg/cm2) | E135: 1 | F135: PCS | G135: TOMY | H135: MAINTENANCE MA | I135: 45888 | J135: NA/25/VIII/178 | K135: 8 | L135: NA.25.VIII.178-8 | M135: =IF(L135="","",HYPERLINK(_xlfn.CONCAT($L$4,L135,".jpg"),"Open File")) -> Open File | N135: UNTUK STPP AWAL MAINTENANCE | O135: =IF(AND(Q135<>"",T135<>""),"PASSIVE",IF(AND(J135<>"",M135<>""),"ACTIVE","")) -> ACTIVE | T135: =IF(S135="","",HYPERLINK(_xlfn.CONCAT($S$4,S135,".jpg"),"Open File")) | V135: =IF(AND(Q135<>"",RIGHT(Q135,3)<>""),IF(COUNTIF($Q$6:Q135,Q135)=1,1,0),0) -> 0 | W135: =IF(AND(J135<>"",K135<>""),_xlfn.CONCAT(SUBSTITUTE(J135,"/","."),"-",K135),"") -> NA.25.VIII.178-8 | X135: =IF(AND(Q135<>"",R135<>""),_xlfn.CONCAT(SUBSTITUTE(Q135,"/","."),"-",R135),"")
B136: 131 | C136: SN-0131 | D136: GEROBAK DORONG - ARTCO | E136: 1 | F136: PCS | G136: TOMY | H136: MAINTENANCE KENDARAAN | I136: 45888 | J136: NA/25/VIII/178 | K136: 7 | L136: NA.25.VIII.178-7 | M136: =IF(L136="","",HYPERLINK(_xlfn.CONCAT($L$4,L136,".jpg"),"Open File")) -> Open File | N136: UNTUK STPP AWAL MAINTENANCE | O136: =IF(AND(Q136<>"",T136<>""),"PASSIVE",IF(AND(J136<>"",M136<>""),"ACTIVE","")) -> ACTIVE | T136: =IF(S136="","",HYPERLINK(_xlfn.CONCAT($S$4,S136,".jpg"),"Open File")) | V136: =IF(AND(Q136<>"",RIGHT(Q136,3)<>""),IF(COUNTIF($Q$6:Q136,Q136)=1,1,0),0) -> 0 | W136: =IF(AND(J136<>"",K136<>""),_xlfn.CONCAT(SUBSTITUTE(J136,"/","."),"-",K136),"") -> NA.25.VIII.178-7 | X136: =IF(AND(Q136<>"",R136<>""),_xlfn.CONCAT(SUBSTITUTE(Q136,"/","."),"-",R136),"")
B137: 132 | C137: SN-0132 | D137: CANGKUL BAJA - LOKAL / 19cm | E137: 1 | F137: PCS | G137: TOMY | H137: MAINTENANCE | I137: 45888 | J137: NA/25/VIII/178 | K137: 6 | L137: NA.25.VIII.178-6 | M137: =IF(L137="","",HYPERLINK(_xlfn.CONCAT($L$4,L137,".jpg"),"Open File")) -> Open File | N137: UNTUK STPP AWAL MAINTENANCE | O137: =IF(AND(Q137<>"",T137<>""),"PASSIVE",IF(AND(J137<>"",M137<>""),"ACTIVE","")) -> ACTIVE | T137: =IF(S137="","",HYPERLINK(_xlfn.CONCAT($S$4,S137,".jpg"),"Open File")) | V137: =IF(AND(Q137<>"",RIGHT(Q137,3)<>""),IF(COUNTIF($Q$6:Q137,Q137)=1,1,0),0) -> 0 | W137: =IF(AND(J137<>"",K137<>""),_xlfn.CONCAT(SUBSTITUTE(J137,"/","."),"-",K137),"") -> NA.25.VIII.178-6 | X137: =IF(AND(Q137<>"",R137<>""),_xlfn.CONCAT(SUBSTITUTE(Q137,"/","."),"-",R137),"")
B138: 133 | C138: SN-0133 | D138: SEKOP BAJA - LOKAL / 24cm | E138: 1 | F138: PCS | G138: TOMY | H138: MAINTENANCE | I138: 45888 | J138: NA/25/VIII/178 | K138: 5 | L138: NA.25.VIII.178-5 | M138: =IF(L138="","",HYPERLINK(_xlfn.CONCAT($L$4,L138,".jpg"),"Open File")) -> Open File | N138: UNTUK STPP AWAL MAINTENANCE | O138: =IF(AND(Q138<>"",T138<>""),"PASSIVE",IF(AND(J138<>"",M138<>""),"ACTIVE","")) -> ACTIVE | T138: =IF(S138="","",HYPERLINK(_xlfn.CONCAT($S$4,S138,".jpg"),"Open File")) | V138: =IF(AND(Q138<>"",RIGHT(Q138,3)<>""),IF(COUNTIF($Q$6:Q138,Q138)=1,1,0),0) -> 0 | W138: =IF(AND(J138<>"",K138<>""),_xlfn.CONCAT(SUBSTITUTE(J138,"/","."),"-",K138),"") -> NA.25.VIII.178-5 | X138: =IF(AND(Q138<>"",R138<>""),_xlfn.CONCAT(SUBSTITUTE(Q138,"/","."),"-",R138),"")
B139: 134 | C139: SN-0134 | D139: STANG BLANDER LAS POTONG - LOKAL | E139: 1 | F139: PCS | G139: TOMY | H139: MAINTENANCE MA | I139: 45888 | J139: NA/25/VIII/178 | K139: 4 | L139: NA.25.VIII.178-4 | M139: =IF(L139="","",HYPERLINK(_xlfn.CONCAT($L$4,L139,".jpg"),"Open File")) -> Open File | N139: UNTUK STPP AWAL MAINTENANCE | O139: =IF(AND(Q139<>"",T139<>""),"PASSIVE",IF(AND(J139<>"",M139<>""),"ACTIVE","")) -> ACTIVE | T139: =IF(S139="","",HYPERLINK(_xlfn.CONCAT($S$4,S139,".jpg"),"Open File")) | V139: =IF(AND(Q139<>"",RIGHT(Q139,3)<>""),IF(COUNTIF($Q$6:Q139,Q139)=1,1,0),0) -> 0 | W139: =IF(AND(J139<>"",K139<>""),_xlfn.CONCAT(SUBSTITUTE(J139,"/","."),"-",K139),"") -> NA.25.VIII.178-4 | X139: =IF(AND(Q139<>"",R139<>""),_xlfn.CONCAT(SUBSTITUTE(Q139,"/","."),"-",R139),"")
B140: 135 | C140: SN-0135 | D140: STANG BLANDER LAS POTONG - LOKAL | E140: 1 | F140: PCS | G140: TOMY | H140: MAINTENANCE KENDARAAN | I140: 45888 | J140: NA/25/VIII/178 | K140: 3 | L140: NA.25.VIII.178-3 | M140: =IF(L140="","",HYPERLINK(_xlfn.CONCAT($L$4,L140,".jpg"),"Open File")) -> Open File | N140: UNTUK STPP AWAL MAINTENANCE | O140: =IF(AND(Q140<>"",T140<>""),"PASSIVE",IF(AND(J140<>"",M140<>""),"ACTIVE","")) -> ACTIVE | T140: =IF(S140="","",HYPERLINK(_xlfn.CONCAT($S$4,S140,".jpg"),"Open File")) | V140: =IF(AND(Q140<>"",RIGHT(Q140,3)<>""),IF(COUNTIF($Q$6:Q140,Q140)=1,1,0),0) -> 0 | W140: =IF(AND(J140<>"",K140<>""),_xlfn.CONCAT(SUBSTITUTE(J140,"/","."),"-",K140),"") -> NA.25.VIII.178-3 | X140: =IF(AND(Q140<>"",R140<>""),_xlfn.CONCAT(SUBSTITUTE(Q140,"/","."),"-",R140),"")
B141: 136 | C141: SN-0136 | D141: SELANG BLANDER - UNO-FLEX / D = (8.5/14.5)mm / MWP 50-160bar | E141: 10 | F141: MTR | G141: TOMY | H141: MAINTENANCE KENDARAAN | I141: 45888 | J141: NA/25/VIII/178 | K141: 2 | L141: NA.25.VIII.178-2 | M141: =IF(L141="","",HYPERLINK(_xlfn.CONCAT($L$4,L141,".jpg"),"Open File")) -> Open File | N141: UNTUK STPP AWAL MAINTENANCE | O141: =IF(AND(Q141<>"",T141<>""),"PASSIVE",IF(AND(J141<>"",M141<>""),"ACTIVE","")) -> ACTIVE | T141: =IF(S141="","",HYPERLINK(_xlfn.CONCAT($S$4,S141,".jpg"),"Open File")) | V141: =IF(AND(Q141<>"",RIGHT(Q141,3)<>""),IF(COUNTIF($Q$6:Q141,Q141)=1,1,0),0) -> 0 | W141: =IF(AND(J141<>"",K141<>""),_xlfn.CONCAT(SUBSTITUTE(J141,"/","."),"-",K141),"") -> NA.25.VIII.178-2 | X141: =IF(AND(Q141<>"",R141<>""),_xlfn.CONCAT(SUBSTITUTE(Q141,"/","."),"-",R141),"")
B142: 137 | C142: SN-0137 | D142: SELANG BLANDER - HERRISH TWIN LINE / D = (1/4"/3/8")mm | E142: 10 | F142: MTR | G142: TOMY | H142: MAINTENANCE MA | I142: 45888 | J142: NA/25/VIII/178 | K142: 1 | L142: NA.25.VIII.178-1 | M142: =IF(L142="","",HYPERLINK(_xlfn.CONCAT($L$4,L142,".jpg"),"Open File")) -> Open File | N142: UNTUK STPP AWAL MAINTENANCE | O142: =IF(AND(Q142<>"",T142<>""),"PASSIVE",IF(AND(J142<>"",M142<>""),"ACTIVE","")) -> ACTIVE | T142: =IF(S142="","",HYPERLINK(_xlfn.CONCAT($S$4,S142,".jpg"),"Open File")) | V142: =IF(AND(Q142<>"",RIGHT(Q142,3)<>""),IF(COUNTIF($Q$6:Q142,Q142)=1,1,0),0) -> 0 | W142: =IF(AND(J142<>"",K142<>""),_xlfn.CONCAT(SUBSTITUTE(J142,"/","."),"-",K142),"") -> NA.25.VIII.178-1 | X142: =IF(AND(Q142<>"",R142<>""),_xlfn.CONCAT(SUBSTITUTE(Q142,"/","."),"-",R142),"")
B143: 138 | C143: SN-0138 | D143: KUNCI PIPA - LOKAL / 12" | E143: 1 | F143: PCS | G143: SAFARI | H143: MAINTENANCE TABUNG | I143: 45888 | J143: NA/25/VIII/176 | K143: 13 | L143: NA.25.VIII.176-13 | M143: =IF(L143="","",HYPERLINK(_xlfn.CONCAT($L$4,L143,".jpg"),"Open File")) -> Open File | N143: UNTUK STPP AWAL MAINTENANCE | O143: =IF(AND(Q143<>"",T143<>""),"PASSIVE",IF(AND(J143<>"",M143<>""),"ACTIVE","")) -> ACTIVE | T143: =IF(S143="","",HYPERLINK(_xlfn.CONCAT($S$4,S143,".jpg"),"Open File")) | V143: =IF(AND(Q143<>"",RIGHT(Q143,3)<>""),IF(COUNTIF($Q$6:Q143,Q143)=1,1,0),0) -> 0 | W143: =IF(AND(J143<>"",K143<>""),_xlfn.CONCAT(SUBSTITUTE(J143,"/","."),"-",K143),"") -> NA.25.VIII.176-13 | X143: =IF(AND(Q143<>"",R143<>""),_xlfn.CONCAT(SUBSTITUTE(Q143,"/","."),"-",R143),"")
...

Sheet Maintenance
B1: Maintenance STPP
B5: No | C5: No Seri | D5: Deskripsi Barang | E5: Kuantitas | F5: Satuan | G5: Peminta | H5: Tgl NPBG | I5: No NPBG | J5: Keterangan
B6: 1 | C6: SN-0396 | D6: {=IF(C6="","",IFERROR(INDEX(STPP!$D$6:$D$4207,MATCH(C6,STPP!$C$6:$C$4207,0)),"Not Found"))} -> CORONG PLASTIK - LOKAL / @30cm | E6: {=IF(C6="","",IFERROR(INDEX(STPP!$E$6:$E$4207,MATCH(C6,STPP!$C$6:$C$4207,0)),"Not Found"))} -> 1 | F6: {=IF(C6="","",IFERROR(INDEX(STPP!$F$6:$F$4207,MATCH(C6,STPP!$C$6:$C$4207,0)),"Not Found"))} -> PCS | G6: KEVIN | H6: 46142 | I6: NA/26/IV/273 | J6: UNTUK REFILL STPP STIKER REFLEKTIF UNTUK KEBUTUHAN KENDARAAN
B7: 2 | C7: SN-0397 | D7: {=IF(C7="","",IFERROR(INDEX(STPP!$D$6:$D$4207,MATCH(C7,STPP!$C$6:$C$4207,0)),"Not Found"))} -> CORONG PLASTIK - LOKAL / @30cm | E7: {=IF(C7="","",IFERROR(INDEX(STPP!$E$6:$E$4207,MATCH(C7,STPP!$C$6:$C$4207,0)),"Not Found"))} -> 1 | F7: {=IF(C7="","",IFERROR(INDEX(STPP!$F$6:$F$4207,MATCH(C7,STPP!$C$6:$C$4207,0)),"Not Found"))} -> PCS | G7: KEVIN | H7: 46142 | I7: NA/26/IV/273 | J7: UNTUK REFILL STPP STIKER REFLEKTIF UNTUK KEBUTUHAN KENDARAAN
B8: 3 | C8: SN-0193 | D8: {=IF(C8="","",IFERROR(INDEX(STPP!$D$6:$D$4207,MATCH(C8,STPP!$C$6:$C$4207,0)),"Not Found"))} -> CAT SEMPROT KALENG ACRYLIC LACQUER - DITON / 840 / @300cc / PUTIH | E8: {=IF(C8="","",IFERROR(INDEX(STPP!$E$6:$E$4207,MATCH(C8,STPP!$C$6:$C$4207,0)),"Not Found"))} -> 1 | F8: {=IF(C8="","",IFERROR(INDEX(STPP!$F$6:$F$4207,MATCH(C8,STPP!$C$6:$C$4207,0)),"Not Found"))} -> PCS | G8: VALEN | H8: 46175 | I8: NA/26/VI/010 | J8: UNTUK REFILL STPP GUDANG SIG-SDA
B9: 4 | C9: SN-0086 | D9: {=IF(C9="","",IFERROR(INDEX(STPP!$D$6:$D$4207,MATCH(C9,STPP!$C$6:$C$4207,0)),"Not Found"))} -> TOPENG LAS - ROHA | E9: {=IF(C9="","",IFERROR(INDEX(STPP!$E$6:$E$4207,MATCH(C9,STPP!$C$6:$C$4207,0)),"Not Found"))} -> 1 | F9: {=IF(C9="","",IFERROR(INDEX(STPP!$F$6:$F$4207,MATCH(C9,STPP!$C$6:$C$4207,0)),"Not Found"))} -> PCS | G9: KOLIM | H9: 46179 | I9: NA/26/VI/040 | J9: UNTUK PENGGANTIAN KACA FILTER TOPENG LAS KARENA SUDAH BURAM NO SERI ITEM: SN-0086, SN-0398, SN-0305
B10: 5 | C10: SN-0086 | D10: {=IF(C10="","",IFERROR(INDEX(STPP!$D$6:$D$4207,MATCH(C10,STPP!$C$6:$C$4207,0)),"Not Found"))} -> TOPENG LAS - ROHA | E10: {=IF(C10="","",IFERROR(INDEX(STPP!$E$6:$E$4207,MATCH(C10,STPP!$C$6:$C$4207,0)),"Not Found"))} -> 1 | F10: {=IF(C10="","",IFERROR(INDEX(STPP!$F$6:$F$4207,MATCH(C10,STPP!$C$6:$C$4207,0)),"Not Found"))} -> PCS | G10: KOLIM | H10: 46179 | I10: NA/26/VI/040 | J10: UNTUK PENGGANTIAN KACA FILTER TOPENG LAS KARENA SUDAH BURAM NO SERI ITEM: SN-0086, SN-0398, SN-0305
B11: 6 | C11: SN-0398 | D11: {=IF(C11="","",IFERROR(INDEX(STPP!$D$6:$D$4207,MATCH(C11,STPP!$C$6:$C$4207,0)),"Not Found"))} -> (REFURBISHED) TOPENG LAS - ROHA | E11: {=IF(C11="","",IFERROR(INDEX(STPP!$E$6:$E$4207,MATCH(C11,STPP!$C$6:$C$4207,0)),"Not Found"))} -> 1 | F11: {=IF(C11="","",IFERROR(INDEX(STPP!$F$6:$F$4207,MATCH(C11,STPP!$C$6:$C$4207,0)),"Not Found"))} -> PCS | G11: KOLIM | H11: 46179 | I11: NA/26/VI/040 | J11: UNTUK PENGGANTIAN KACA FILTER TOPENG LAS KARENA SUDAH BURAM NO SERI ITEM: SN-0086, SN-0398, SN-0305
B12: 7 | C12: SN-0702 | D12: {=IF(C12="","",IFERROR(INDEX(STPP!$D$6:$D$4207,MATCH(C12,STPP!$C$6:$C$4207,0)),"Not Found"))} -> PRINTER - EPSON / L360 | E12: {=IF(C12="","",IFERROR(INDEX(STPP!$E$6:$E$4207,MATCH(C12,STPP!$C$6:$C$4207,0)),"Not Found"))} -> 1 | F12: {=IF(C12="","",IFERROR(INDEX(STPP!$F$6:$F$4207,MATCH(C12,STPP!$C$6:$C$4207,0)),"Not Found"))} -> PCS | G12: ICA | H12: 46206 | I12: NA/26/VII/019 | J12: UNTUK DIPAKAI KEMBALI SETELAH DILAKUKAN SERVICE
B13: 8 | C13: SN-0716 | D13: {=IF(C13="","",IFERROR(INDEX(STPP!$D$6:$D$4207,MATCH(C13,STPP!$C$6:$C$4207,0)),"Not Found"))} -> PRINTER - HP LASERJET / P1102 | E13: {=IF(C13="","",IFERROR(INDEX(STPP!$E$6:$E$4207,MATCH(C13,STPP!$C$6:$C$4207,0)),"Not Found"))} -> 1 | F13: {=IF(C13="","",IFERROR(INDEX(STPP!$F$6:$F$4207,MATCH(C13,STPP!$C$6:$C$4207,0)),"Not Found"))} -> PCS | G13: YEFINA | H13: 46199 | I13: NA/26/VI/182 | J13: PENGEMBALIAN PRINTER KE RUANG ACC PENJUALAN SETELAH DISERVIS
B14: 9 | C14: SN-0709 | D14: {=IF(C14="","",IFERROR(INDEX(STPP!$D$6:$D$4207,MATCH(C14,STPP!$C$6:$C$4207,0)),"Not Found"))} -> PRINTER - CANON / PIXMA G2010 | E14: {=IF(C14="","",IFERROR(INDEX(STPP!$E$6:$E$4207,MATCH(C14,STPP!$C$6:$C$4207,0)),"Not Found"))} -> 1 | F14: {=IF(C14="","",IFERROR(INDEX(STPP!$F$6:$F$4207,MATCH(C14,STPP!$C$6:$C$4207,0)),"Not Found"))} -> PCS | G14: NIA | H14: 46202 | I14: NA/26/VI/190 | J14: PRINTER DIKEMBALIKAN UNTUK PEMAKAIAN HARIAN SETELAH DILAKUKAN SERVICE
B15: 10 | C15: SN-0680 | D15: {=IF(C15="","",IFERROR(INDEX(STPP!$D$6:$D$4207,MATCH(C15,STPP!$C$6:$C$4207,0)),"Not Found"))} -> PRINTER - CANON / PIXMA G2730 | E15: {=IF(C15="","",IFERROR(INDEX(STPP!$E$6:$E$4207,MATCH(C15,STPP!$C$6:$C$4207,0)),"Not Found"))} -> 1 | F15: {=IF(C15="","",IFERROR(INDEX(STPP!$F$6:$F$4207,MATCH(C15,STPP!$C$6:$C$4207,0)),"Not Found"))} -> PCS | G15: AYU | H15: 46207 | I15: NA/26/VII/025 | J15: UNTUK DIGUNAKAN KEMBALI SETELAH DILAKUKAN SERVICE
B16: 11 | C16: SN-0702 | D16: {=IF(C16="","",IFERROR(INDEX(STPP!$D$6:$D$4207,MATCH(C16,STPP!$C$6:$C$4207,0)),"Not Found"))} -> PRINTER - EPSON / L360 | E16: {=IF(C16="","",IFERROR(INDEX(STPP!$E$6:$E$4207,MATCH(C16,STPP!$C$6:$C$4207,0)),"Not Found"))} -> 1 | F16: {=IF(C16="","",IFERROR(INDEX(STPP!$F$6:$F$4207,MATCH(C16,STPP!$C$6:$C$4207,0)),"Not Found"))} -> PCS | G16: YEFINA | H16: 46206 | I16: NA/26/VII/019 | J16: UNTUK DIPAKAI KEMBALI SETELAH DILAKUKAN SERVICE
B17: 12 | C17: SN-0294 | D17: {=IF(C17="","",IFERROR(INDEX(STPP!$D$6:$D$4207,MATCH(C17,STPP!$C$6:$C$4207,0)),"Not Found"))} -> METERAN SAKU - ATS / 10m | E17: {=IF(C17="","",IFERROR(INDEX(STPP!$E$6:$E$4207,MATCH(C17,STPP!$C$6:$C$4207,0)),"Not Found"))} -> 1 | F17: {=IF(C17="","",IFERROR(INDEX(STPP!$F$6:$F$4207,MATCH(C17,STPP!$C$6:$C$4207,0)),"Not Found"))} -> PCS | G17: SASONGKO | H17: 46179 | I17: NA/26/VI/039 | J17: UNTUK DILAKUKAN PENGGANTIAN KARENA YANG LAMA SUDAH RUSAK
... B21: 16 | C21: SN-0162 | D21: {=IF(C21="","",IFERROR(INDEX(STPP!$D$6:$D$4207,MATCH(C21,STPP!$C$6:$C$4207,0)),"Not Found"))} -> MATA BOR HSS BAJA - NACHI / D = 6mm | E21: {=IF(C21="","",IFERROR(INDEX(STPP!$E$6:$E$4207,MATCH(C21,STPP!$C$6:$C$4207,0)),"Not Found"))} -> 1 | F21: {=IF(C21="","",IFERROR(INDEX(STPP!$F$6:$F$4207,MATCH(C21,STPP!$C$6:$C$4207,0)),"Not Found"))} -> PCS | G21: ARUNG | H21: 46237 | I21: NA/26/VIII/011 | J21: UNTUK MAINTAINING BARANG STPP MILIK GUDANG NO SERI BARANG STPP: SN-0162
D22: {=IF(C22="","",IFERROR(INDEX(STPP!$D$6:$D$4207,MATCH(C22,STPP!$C$6:$C$4207,0)),"Not Found"))} | E22: {=IF(C22="","",IFERROR(INDEX(STPP!$E$6:$E$4207,MATCH(C22,STPP!$C$6:$C$4207,0)),"Not Found"))} | F22: {=IF(C22="","",IFERROR(INDEX(STPP!$F$6:$F$4207,MATCH(C22,STPP!$C$6:$C$4207,0)),"Not Found"))} | G22: =IF(表1[[#This Row],[No Seri]]="","",表1[[#This Row],[Deskripsi Barang]]+表1[[#This Row],[Kuantitas]]-表1[[#This Row],[Satuan]]) | I22: =IF(表1[[#This Row],[Tgl NPBG]]>表1[[#This Row],[Peminta]],表1[[#This Row],[Tgl NPBG]]-表1[[#This Row],[Peminta]],"")
D23: {=IF(C23="","",IFERROR(INDEX(STPP!$D$6:$D$4207,MATCH(C23,STPP!$C$6:$C$4207,0)),"Not Found"))} | E23: {=IF(C23="","",IFERROR(INDEX(STPP!$E$6:$E$4207,MATCH(C23,STPP!$C$6:$C$4207,0)),"Not Found"))} | F23: {=IF(C23="","",IFERROR(INDEX(STPP!$F$6:$F$4207,MATCH(C23,STPP!$C$6:$C$4207,0)),"Not Found"))} | G23: =IF(表1[[#This Row],[No Seri]]="","",表1[[#This Row],[Deskripsi Barang]]+表1[[#This Row],[Kuantitas]]-表1[[#This Row],[Satuan]]) | I23: =IF(表1[[#This Row],[Tgl NPBG]]>表1[[#This Row],[Peminta]],表1[[#This Row],[Tgl NPBG]]-表1[[#This Row],[Peminta]],"")
D24: {=IF(C24="","",IFERROR(INDEX(STPP!$D$6:$D$4207,MATCH(C24,STPP!$C$6:$C$4207,0)),"Not Found"))} | E24: {=IF(C24="","",IFERROR(INDEX(STPP!$E$6:$E$4207,MATCH(C24,STPP!$C$6:$C$4207,0)),"Not Found"))} | F24: {=IF(C24="","",IFERROR(INDEX(STPP!$F$6:$F$4207,MATCH(C24,STPP!$C$6:$C$4207,0)),"Not Found"))} | G24: =IF(表1[[#This Row],[No Seri]]="","",表1[[#This Row],[Deskripsi Barang]]+表1[[#This Row],[Kuantitas]]-表1[[#This Row],[Satuan]]) | I24: =IF(表1[[#This Row],[Tgl NPBG]]>表1[[#This Row],[Peminta]],表1[[#This Row],[Tgl NPBG]]-表1[[#This Row],[Peminta]],"")
D25: {=IF(C25="","",IFERROR(INDEX(STPP!$D$6:$D$4207,MATCH(C25,STPP!$C$6:$C$4207,0)),"Not Found"))} | E25: {=IF(C25="","",IFERROR(INDEX(STPP!$E$6:$E$4207,MATCH(C25,STPP!$C$6:$C$4207,0)),"Not Found"))} | F25: {=IF(C25="","",IFERROR(INDEX(STPP!$F$6:$F$4207,MATCH(C25,STPP!$C$6:$C$4207,0)),"Not Found"))} | G25: =IF(表1[[#This Row],[No Seri]]="","",表1[[#This Row],[Deskripsi Barang]]+表1[[#This Row],[Kuantitas]]-表1[[#This Row],[Satuan]]) | I25: =IF(表1[[#This Row],[Tgl NPBG]]>表1[[#This Row],[Peminta]],表1[[#This Row],[Tgl NPBG]]-表1[[#This Row],[Peminta]],"")
D26: {=IF(C26="","",IFERROR(INDEX(STPP!$D$6:$D$4207,MATCH(C26,STPP!$C$6:$C$4207,0)),"Not Found"))} | E26: {=IF(C26="","",IFERROR(INDEX(STPP!$E$6:$E$4207,MATCH(C26,STPP!$C$6:$C$4207,0)),"Not Found"))} | F26: {=IF(C26="","",IFERROR(INDEX(STPP!$F$6:$F$4207,MATCH(C26,STPP!$C$6:$C$4207,0)),"Not Found"))} | G26: =IF(表1[[#This Row],[No Seri]]="","",表1[[#This Row],[Deskripsi Barang]]+表1[[#This Row],[Kuantitas]]-表1[[#This Row],[Satuan]]) | I26: =IF(表1[[#This Row],[Tgl NPBG]]>表1[[#This Row],[Peminta]],表1[[#This Row],[Tgl NPBG]]-表1[[#This Row],[Peminta]],"")
D27: {=IF(C27="","",IFERROR(INDEX(STPP!$D$6:$D$4207,MATCH(C27,STPP!$C$6:$C$4207,0)),"Not Found"))} | E27: {=IF(C27="","",IFERROR(INDEX(STPP!$E$6:$E$4207,MATCH(C27,STPP!$C$6:$C$4207,0)),"Not Found"))} | F27: {=IF(C27="","",IFERROR(INDEX(STPP!$F$6:$F$4207,MATCH(C27,STPP!$C$6:$C$4207,0)),"Not Found"))} | G27: =IF(表1[[#This Row],[No Seri]]="","",表1[[#This Row],[Deskripsi Barang]]+表1[[#This Row],[Kuantitas]]-表1[[#This Row],[Satuan]]) | I27: =IF(表1[[#This Row],[Tgl NPBG]]>表1[[#This Row],[Peminta]],表1[[#This Row],[Tgl NPBG]]-表1[[#This Row],[Peminta]],"")
D28: {=IF(C28="","",IFERROR(INDEX(STPP!$D$6:$D$4207,MATCH(C28,STPP!$C$6:$C$4207,0)),"Not Found"))} | E28: {=IF(C28="","",IFERROR(INDEX(STPP!$E$6:$E$4207,MATCH(C28,STPP!$C$6:$C$4207,0)),"Not Found"))} | F28: {=IF(C28="","",IFERROR(INDEX(STPP!$F$6:$F$4207,MATCH(C28,STPP!$C$6:$C$4207,0)),"Not Found"))} | G28: =IF(表1[[#This Row],[No Seri]]="","",表1[[#This Row],[Deskripsi Barang]]+表1[[#This Row],[Kuantitas]]-表1[[#This Row],[Satuan]]) | I28: =IF(表1[[#This Row],[Tgl NPBG]]>表1[[#This Row],[Peminta]],表1[[#This Row],[Tgl NPBG]]-表1[[#This Row],[Peminta]],"")
D29: {=IF(C29="","",IFERROR(INDEX(STPP!$D$6:$D$4207,MATCH(C29,STPP!$C$6:$C$4207,0)),"Not Found"))} | E29: {=IF(C29="","",IFERROR(INDEX(STPP!$E$6:$E$4207,MATCH(C29,STPP!$C$6:$C$4207,0)),"Not Found"))} | F29: {=IF(C29="","",IFERROR(INDEX(STPP!$F$6:$F$4207,MATCH(C29,STPP!$C$6:$C$4207,0)),"Not Found"))} | G29: =IF(表1[[#This Row],[No Seri]]="","",表1[[#This Row],[Deskripsi Barang]]+表1[[#This Row],[Kuantitas]]-表1[[#This Row],[Satuan]]) | I29: =IF(表1[[#This Row],[Tgl NPBG]]>表1[[#This Row],[Peminta]],表1[[#This Row],[Tgl NPBG]]-表1[[#This Row],[Peminta]],"")
D30: {=IF(C30="","",IFERROR(INDEX(STPP!$D$6:$D$4207,MATCH(C30,STPP!$C$6:$C$4207,0)),"Not Found"))} | E30: {=IF(C30="","",IFERROR(INDEX(STPP!$E$6:$E$4207,MATCH(C30,STPP!$C$6:$C$4207,0)),"Not Found"))} | F30: {=IF(C30="","",IFERROR(INDEX(STPP!$F$6:$F$4207,MATCH(C30,STPP!$C$6:$C$4207,0)),"Not Found"))} | G30: =IF(表1[[#This Row],[No Seri]]="","",表1[[#This Row],[Deskripsi Barang]]+表1[[#This Row],[Kuantitas]]-表1[[#This Row],[Satuan]]) | I30: =IF(表1[[#This Row],[Tgl NPBG]]>表1[[#This Row],[Peminta]],表1[[#This Row],[Tgl NPBG]]-表1[[#This Row],[Peminta]],"")
D31: {=IF(C31="","",IFERROR(INDEX(STPP!$D$6:$D$4207,MATCH(C31,STPP!$C$6:$C$4207,0)),"Not Found"))} | E31: {=IF(C31="","",IFERROR(INDEX(STPP!$E$6:$E$4207,MATCH(C31,STPP!$C$6:$C$4207,0)),"Not Found"))} | F31: {=IF(C31="","",IFERROR(INDEX(STPP!$F$6:$F$4207,MATCH(C31,STPP!$C$6:$C$4207,0)),"Not Found"))} | G31: =IF(表1[[#This Row],[No Seri]]="","",表1[[#This Row],[Deskripsi Barang]]+表1[[#This Row],[Kuantitas]]-表1[[#This Row],[Satuan]]) | I31: =IF(表1[[#This Row],[Tgl NPBG]]>表1[[#This Row],[Peminta]],表1[[#This Row],[Tgl NPBG]]-表1[[#This Row],[Peminta]],"")
D32: {=IF(C32="","",IFERROR(INDEX(STPP!$D$6:$D$4207,MATCH(C32,STPP!$C$6:$C$4207,0)),"Not Found"))} | E32: {=IF(C32="","",IFERROR(INDEX(STPP!$E$6:$E$4207,MATCH(C32,STPP!$C$6:$C$4207,0)),"Not Found"))} | F32: {=IF(C32="","",IFERROR(INDEX(STPP!$F$6:$F$4207,MATCH(C32,STPP!$C$6:$C$4207,0)),"Not Found"))} | G32: =IF(表1[[#This Row],[No Seri]]="","",表1[[#This Row],[Deskripsi Barang]]+表1[[#This Row],[Kuantitas]]-表1[[#This Row],[Satuan]]) | I32: =IF(表1[[#This Row],[Tgl NPBG]]>表1[[#This Row],[Peminta]],表1[[#This Row],[Tgl NPBG]]-表1[[#This Row],[Peminta]],"")
D33: {=IF(C33="","",IFERROR(INDEX(STPP!$D$6:$D$4207,MATCH(C33,STPP!$C$6:$C$4207,0)),"Not Found"))} | E33: {=IF(C33="","",IFERROR(INDEX(STPP!$E$6:$E$4207,MATCH(C33,STPP!$C$6:$C$4207,0)),"Not Found"))} | F33: {=IF(C33="","",IFERROR(INDEX(STPP!$F$6:$F$4207,MATCH(C33,STPP!$C$6:$C$4207,0)),"Not Found"))} | G33: =IF(表1[[#This Row],[No Seri]]="","",表1[[#This Row],[Deskripsi Barang]]+表1[[#This Row],[Kuantitas]]-表1[[#This Row],[Satuan]]) | I33: =IF(表1[[#This Row],[Tgl NPBG]]>表1[[#This Row],[Peminta]],表1[[#This Row],[Tgl NPBG]]-表1[[#This Row],[Peminta]],"")
... D4188: {=IF(C4188="","",IFERROR(INDEX(STPP!$D$6:$D$4207,MATCH(C4188,STPP!$C$6:$C$4207,0)),"Not Found"))} | E4188: {=IF(C4188="","",IFERROR(INDEX(STPP!$E$6:$E$4207,MATCH(C4188,STPP!$C$6:$C$4207,0)),"Not Found"))} | F4188: {=IF(C4188="","",IFERROR(INDEX(STPP!$F$6:$F$4207,MATCH(C4188,STPP!$C$6:$C$4207,0)),"Not Found"))} | G4188: =IF(表1[[#This Row],[No Seri]]="","",表1[[#This Row],[Deskripsi Barang]]+表1[[#This Row],[Kuantitas]]-表1[[#This Row],[Satuan]]) | I4188: =IF(表1[[#This Row],[Tgl NPBG]]>表1[[#This Row],[Peminta]],表1[[#This Row],[Tgl NPBG]]-表1[[#This Row],[Peminta]],"")

Sheet Dropdown List
A1: Peminta | B1: Penempatan | C1: Deskripsi Ban Lama | D1: No Seri Baru | E1: No Seri Lama
A2: TOMY | B2: MAINTENANCE TABUNG
A3: AGUS | B3: MAINTENANCE KENDARAAN
A4: SONY | B4: DISTRIBUSI
A5: BUDI | B5: GUDANG
A6: ROSUL | B6: GENERAL SERVICE
A7: SAFARI | B7: MAINTENANCE MA
A8: SATRIYO | B8: MAINTENANCE CDO
A9: VANDIKA | B9: GUDANG (PROJECT)
A10: WAHYU | B10: BUDI
A11: ARUNG | B11: W 8202 UW
A12: KEVIN | B12: W 8819 PF
A13: HIDA | B13: W 8602 PE
... A58: FAUZAN | B58: FAUZAN
